"상가업소번호","상호명","지점명","상권업종대분류코드","상권업종대분류명","상권업종중분류코드","상권업종중분류명","상권업종소분류코드","상권업종소분류명","표준산업분류코드","표준산업분류명","시도코드","시도명","시군구코드","시군구명","행정동코드","행정동명","법정동코드","법정동명","지번코드","대지구분코드","대지구분명","지번본번지","지번부번지","지번주소","도로명코드","도로명","건물본번지","건물부번지","건물관리번호","건물명","도로명주소","구우편번호","신우편번호","동정보","층정보","호정보","경도","위도"
"MA0101202210A0084547","","I2","음식","I211","주점","I21101","일반 유흥 주점","I56211","일반 유흥 주점업","51","강원특별자치도","51170","동해시","51170520","송정동","5117010300","송정동","5117010300107470000","1","대지",747,,"강원특별자치도 동해시 송정동 747","511703221039","강원특별자치도 동해시 송정로",11,,"4217010300007470000000086","파크장","강원특별자치도 동해시 송정로 11","240806","25789","","지","",129.12752511744,37.4952646683955
"MA010120220805430903","엔젤","","I2","음식","I201","한식","I20101","백반/한정식","I55109","기타 일반 및 생활 숙박시설 운영업","51","강원특별자치도","51770","정선군","51770320","남면","5177032022","남면","5177032022103660001","1","대지",366,1,"강원특별자치도 정선군 남면 무릉리 366-1","517703229013","강원특별자치도 정선군 남면 민둥산로",175,13,"4277032022103660000008290","","강원특별자치도 정선군 남면 민둥산로 175-13","233837","26148","","","",128.792089259273,37.2597883256939
"MA010120220805430941","누베헤어","","S2","수리·개인","S207","이용·미용","S20701","미용실","S96112","두발 미용업","51","강원특별자치도","51110","춘천시","51110675","강남동","5111012500","삼천동","5111012500107960000","1","대지",796,,"강원특별자치도 춘천시 삼천동 796","511104454444","강원특별자치도 춘천시 스포츠타운길",460,,"4211012500100440010000008","춘천파크자이","강원특별자치도 춘천시 스포츠타운길 460","200200","24472","","3","",127.707653122232,37.8677439807363
"MA010120220805430946","공차","","I2","음식","I212","비알코올 ","I21201","카페","I56229","기타 비알코올 음료점업","51","강원특별자치도","51130","원주시","51130330","지정면","5113033023","지정면","5113033023113500001","1","대지",1350,1,"강원특별자치도 원주시 지정면 가곡리 1350-1","511303350530","강원특별자치도 원주시 지정면 신지정로",211,,"4213033023113500001000001","","강원특별자치도 원주시 지정면 신지정로 211","220821","26354","","","",127.872712624099,37.3741888742715
"MA010120220805431369","행운쉼터","","I1","숙박","I101","일반 숙박","I10103","펜션","I55104","민박업","51","강원특별자치도","51810","인제군","51810320","북면","5181032022","북면","5181032022108200005","1","대지",820,5,"강원특별자치도 인제군 북면 월학리 820-5","518103000121","강원특별자치도 인제군 북면 금강로",751,,"4281032022008200005013654","","강원특별자치도 인제군 북면 금강로 751","252826","24609","","","",128.207086453544,38.1718706016827
"MA010120220805431565","만월","","I2","음식","I211","주점","I21104","요리 주점","I56219","기타 주점업","51","강원특별자치도","51170","동해시","51170510","천곡동","5117010100","천곡동","5117010100110440006","1","대지",1044,6,"강원특별자치도 동해시 천곡동 1044-6","511703221045","강원특별자치도 동해시 한섬로",38,,"4217010100010440006012576","린나이중앙대리점","강원특별자치도 동해시 한섬로 38","240809","25772","","지","",129.107938384892,37.5197511421597
"MA010120220805431819","계곡사랑","","I1","숙박","I101","일반 숙박","I10103","펜션","I55109","기타 일반 및 생활 숙박시설 운영업","51","강원특별자치도","51810","인제군","51810250","인제읍","5181025030","인제읍","5181025030100460000","1","대지",46,,"강원특별자치도 인제군 인제읍 하추리 46","518103233023","강원특별자치도 인제군 인제읍 하추로",603,,"4281025030000460000007574","","강원특별자치도 인제군 인제읍 하추로 603","252902","24642","","","",128.312474583819,38.0354164151477
"MA010120220805432062","회오리감자점","","I2","음식","I210","기타 간이","I21099","그 외 기타 간이 음식점","I56199","간이 음식 포장 판매 전문점","51","강원특별자치도","51760","평창군","51760380","대관령면","5176038024","대관령면","5176038024100140111","1","대지",14,111,"강원특별자치도 평창군 대관령면 횡계리 14-111","517603000145","강원특별자치도 평창군 대관령면 경강로",5721,,"4276038024100140111031448","대관령휴게소","강원특별자치도 평창군 대관령면 경강로 5721","232954","25342","","","",128.754493607774,37.6851598848718
"MA010120220805432113","태능갈비","","I2","음식","I201","한식","I20107","돼지고기 구이/찜","I56113","한식 육류 요리 전문점","51","강원특별자치도","51810","인제군","51810320","북면","5181032021","북면","5181032021107310011","1","대지",731,11,"강원특별자치도 인제군 북면 원통리 731-11","518104499135","강원특별자치도 인제군 북면 원통로147번길",23,,"4281032021007310011011327","","강원특별자치도 인제군 북면 원통로147번길 23","252822","24612","","","",128.202533482991,38.122648572649
"MA010120220805432119","고은헤어","","S2","수리·개인","S207","이용·미용","S20701","미용실","S96112","두발 미용업","51","강원특별자치도","51130","원주시","51130660","무실동","5113011500","무실동","5113011500118310012","1","대지",1831,12,"강원특별자치도 원주시 무실동 1831-12","511304517925","강원특별자치도 원주시 봉바위길",23,,"4213011500118310012000001","","강원특별자치도 원주시 봉바위길 23","220150","26393","","","",127.932751331411,37.3317057970141
"MA010120220805432406","박차닭갈비","","I2","음식","I201","한식","I20110","닭/오리고기 구이/찜","I56113","한식 육류 요리 전문점","51","강원특별자치도","51130","원주시","51130550","단구동","5113010700","단구동","5113010700115240007","1","대지",1524,7,"강원특별자치도 원주시 단구동 1524-7","511304457578","강원특별자치도 원주시 천매봉길",138,,"4213010700115240007002556","","강원특별자치도 원주시 천매봉길 138","220944","26483","","1","",127.944547259388,37.3270891935418
"MA010120220805432275","케이비매니지먼트","","N1","시설관리·임대","N101","시설관리","N10101","사업시설 유지·관리 서비스업","N74100","사업시설 유지ㆍ관리 서비스업","51","강원특별자치도","51130","원주시","51130675","반곡관설동","5113011700","반곡동","5113011700118990005","1","대지",1899,5,"강원특별자치도 원주시 반곡동 1899-5","511303219085","강원특별자치도 원주시 양지로",64,1,"4213011700118990005000001","","강원특별자치도 원주시 양지로 64-1","220170","26462","","","",127.985226320619,37.3264704837554
"MA010120220805433589","CU강릉교동","","G2","소매","G204","종합 소매","G20405","편의점","G47122","체인화 편의점","51","강원특별자치도","51150","강릉시","51150550","교1동","5115011000","교동","5115011000109640006","1","대지",964,6,"강원특별자치도 강릉시 교동 964-6","511504460016","강원특별자치도 강릉시 강릉대로121번길",6,,"4215011000109640006016957","","강원특별자치도 강릉시 강릉대로121번길 6","210924","25506","","","",128.88365122426,37.7565973600586
"MA010120220805432647","황금룡문막","","I2","음식","I202","중식","I20201","중국집","I56121","중식 음식점업","51","강원특별자치도","51130","원주시","51130250","문막읍","5113025021","문막읍","5113025021102410009","1","대지",241,9,"강원특별자치도 원주시 문막읍 문막리 241-9","511304457223","강원특별자치도 원주시 문막읍 문막시장1길",52,14,"4213025021102410009025055","","강원특별자치도 원주시 문막읍 문막시장1길 52-14","220806","26373","","1","",127.815080078577,37.3063221464828
"MA010120220805432598","강원개발부동산컨설팅","","L1","부동산","L102","부동산 서비스","L10203","부동산 중개/대리업","L68221","부동산 중개 및 대리업","51","강원특별자치도","51820","고성군","51820330","토성면","5182033035","토성면","5182033035100190000","1","대지",19,,"강원특별자치도 고성군 토성면 봉포리 19","518203234035","강원특별자치도 고성군 토성면 토성로",19,,"4282033035100190000015201","강원개발부동산중개사무소","강원특별자치도 고성군 토성면 토성로 19","219832","24765","","","",128.566886591875,38.2492224711987
"MA010120220805432727","경영 컨설팅업","","M1","과학·기술","M107","본사·경영 컨설팅","M10703","경영 컨설팅업","M71531","경영 컨설팅업","51","강원특별자치도","51810","인제군","51810350","상남면","5181035023","상남면","5181035023103760044","1","대지",376,44,"강원특별자치도 인제군 상남면 미산리 376-44","518103013018","강원특별자치도 인제군 상남면 내린천로",1612,,"4281035023003760044000564","","강원특별자치도 인제군 상남면 내린천로 1612","252851","24666","","","",128.318196229253,37.8725425191844
"MA010120220805432979","발리노래궁","","I2","음식","I211","주점","I21101","일반 유흥 주점","I56211","일반 유흥 주점업","51","강원특별자치도","51170","동해시","51170510","천곡동","5117010100","천곡동","5117010100110640000","1","대지",1064,,"강원특별자치도 동해시 천곡동 1064","511703221033","강원특별자치도 동해시 대학로",10,,"4217010100010640000003907","","강원특별자치도 동해시 대학로 10","240809","25768","","지","",129.113718905917,37.5212645852029
"MA010120220805433299","돼지꿈꾼날","","R1","예술·스포츠","R104","유원지·오락","R10410","복권 발행/판매업","R91241","복권 발행 및 판매업","51","강원특별자치도","51230","삼척시","51230253","원덕읍","5123025326","원덕읍","5123025326102570001","1","대지",257,1,"강원특별자치도 삼척시 원덕읍 호산리 257-1","512303224019","강원특별자치도 삼척시 원덕읍 삼척로",424,,"4223025326102570003000001","원덕체육관","강원특별자치도 삼척시 원덕읍 삼척로 424","245803","25961","","1","",129.336944185912,37.1753973912766
"MA010120220805432556","서화아트","","M1","과학·기술","M112","전문 디자인","M11203","시각 디자인업","M73203","시각 디자인업","51","강원특별자치도","51110","춘천시","51110650","석사동","5111012400","석사동","5111012400109130005","1","대지",913,5,"강원특별자치도 춘천시 석사동 913-5","511104454439","강원특별자치도 춘천시 스무숲1길",32,15,"4211012400109130005052155","","강원특별자치도 춘천시 스무숲1길 32-15","200972","24416","","3","",127.749950878277,37.8494153067622
"MA010120220805432805","시크릿","","I2","음식","I211","주점","I21101","일반 유흥 주점","I56211","일반 유흥 주점업","51","강원특별자치도","51790","화천군","51790330","상서면","5179033030","상서면","5179033030105120004","1","대지",512,4,"강원특별자치도 화천군 상서면 다목리 512-4","517903231004","강원특별자치도 화천군 상서면 다파로",34,,"4279033030000000000000526","그랑프리여관","강원특별자치도 화천군 상서면 다파로 34","209812","24104","","","",127.537258742821,38.1751238634804
"MA010120220805432626","올리브펜션","","I1","숙박","I101","일반 숙박","I10103","펜션","I55109","기타 일반 및 생활 숙박시설 운영업","51","강원특별자치도","51110","춘천시","51110340","남면","5111034027","남면","5111034027103670022","1","대지",367,22,"강원특별자치도 춘천시 남면 한덕리 367-22","511104454240","강원특별자치도 춘천시 남면 바깥말길",115,16,"4211034027103670022000001","","강원특별자치도 춘천시 남면 바깥말길 115-16","250857","24469","","","",127.621353205821,37.6826944707887
"MA010120220805433077","먹자골","","I2","음식","I201","한식","I20101","백반/한정식","I56111","한식 일반 음식점업","51","강원특별자치도","51110","춘천시","51110600","후평1동","5111012000","후평동","5111012000106860000","1","대지",686,,"강원특별자치도 춘천시 후평동 686","511104454675","강원특별자치도 춘천시 춘천로281번길",6,,"4211012000106860000031680","","강원특별자치도 춘천시 춘천로281번길 6","200959","24256","","1","",127.744364761992,37.881002448903
"MA010120220805435541","대관령진흥사업단","","N1","시설관리·임대","N111","산업용품 대여","N11199","기타 산업용 기계/장비 대여업","N76390","기타 산업용 기계 및 장비 임대업","51","강원특별자치도","51760","평창군","51760380","대관령면","5176038024","대관령면","5176038024103450062","1","대지",345,62,"강원특별자치도 평창군 대관령면 횡계리 345-62","517603228021","강원특별자치도 평창군 대관령면 올림픽로",108,7,"4276038024103450062000001","","강원특별자치도 평창군 대관령면 올림픽로 108-7","232954","25347","","2","",128.703805132157,37.6698671906394
"MA010120220805435618","젊은부자","","M1","과학·기술","M112","전문 디자인","M11202","제품 디자인업","M73202","제품 디자인업","51","강원특별자치도","51150","강릉시","51150572","포남2동","5115011100","포남동","5115011100110580005","1","대지",1058,5,"강원특별자치도 강릉시 포남동 1058-5","511504460450","강원특별자치도 강릉시 보래미하길65번길",4,,"4215011100110580005008751","","강원특별자치도 강릉시 보래미하길65번길 4","210952","25480","","","",128.912670288611,37.7751264172817
"MA010120220805435795","선인상사홍천강주유소춘천방향","","G2","소매","G214","연료 소매","G21401","주유소","G47711","운송장비용 주유소 운영업","51","강원특별자치도","51720","홍천군","51720380","북방면","5172038036","북방면","5172038036102940000","1","대지",294,,"강원특별자치도 홍천군 북방면 소매곡리 294","517204475182","강원특별자치도 홍천군 북방면 도사곡길",223,,"4272038036102910000000001","","강원특별자치도 홍천군 북방면 도사곡길 223","250883","25112","","","",127.826278290637,37.7130714234605
"MA010120220805436322","팀크로우","","N1","시설관리·임대","N108","기타 사업 서비스","N10802","전시/컨벤션/행사 대행 서비스업","N75992","전시, 컨벤션 및 행사 대행업","51","강원특별자치도","51130","원주시","51130380","판부면","5113038022","판부면","5113038022120030001","1","대지",2003,1,"강원특별자치도 원주시 판부면 서곡리 2003-1","511304457439","강원특별자치도 원주시 판부면 오성마을길",83,,"4213038022120030001000001","","강원특별자치도 원주시 판부면 오성마을길 83","220912","26400","","1","",127.947350532895,37.3201608933973
"MA010120220805435835","하얏트모텔","","I1","숙박","I101","일반 숙박","I10102","여관/모텔","I55102","여관업","51","강원특별자치도","51150","강릉시","51150665","경포동","5115013800","안현동","5115013800108570005","1","대지",857,5,"강원특별자치도 강릉시 안현동 857-5","511503220050","강원특별자치도 강릉시 해안로",541,,"4215013800108570005017474","","강원특별자치도 강릉시 해안로 541","210380","25460","","","",128.902637684876,37.8070275763106
"MA010120220805435723","세운세무법인천곡지점","","M1","과학·기술","M104","회계·세무","M10402","세무사","M71202","세무사업","51","강원특별자치도","51170","동해시","51170510","천곡동","5117010100","천곡동","5117010100110760000","1","대지",1076,,"강원특별자치도 동해시 천곡동 1076","511703221044","강원특별자치도 동해시 천곡로",68,,"4217010100010760000003976","현대코아","강원특별자치도 동해시 천곡로 68","240810","25768","","2","",129.112809793555,37.5232734659548
"MA010120220805435428","패션클러스터","","M1","과학·기술","M107","본사·경영 컨설팅","M10703","경영 컨설팅업","M71531","경영 컨설팅업","51","강원특별자치도","51110","춘천시","51110250","신북읍","5111025023","신북읍","5111025023102350000","1","대지",235,,"강원특별자치도 춘천시 신북읍 유포리 235","511104454214","강원특별자치도 춘천시 신북읍 맥국길",252,13,"4211025023102350000041989","","강원특별자치도 춘천시 신북읍 맥국길 252-13","200824","24203","","","",127.776806026949,37.9535016480653
"MA010120220805434488","비알호텔","","I1","숙박","I101","일반 숙박","I10102","여관/모텔","I55102","여관업","51","강원특별자치도","51150","강릉시","51150520","중앙동","5115010800","성남동","5115010800101100005","1","대지",110,5,"강원특별자치도 강릉시 성남동 110-5","511504460910","강원특별자치도 강릉시 중앙시장3길",15,4,"4215010800101100005001077","","강원특별자치도 강릉시 중앙시장3길 15-4","210050","25544","","","",128.896572826045,37.7515261286306
"MA010120220805434674","프로포즈","","R1","예술·스포츠","R104","유원지·오락","R10407","노래방","R91223","노래 연습장 운영업","51","강원특별자치도","51130","원주시","51130590","단계동","5113011000","단계동","5113011000108420004","1","대지",842,4,"강원특별자치도 원주시 단계동 842-4","511304457533","강원특별자치도 원주시 장미공원길",22,,"4213011000108420004022119","","강원특별자치도 원주시 장미공원길 22","220938","26436","","1","",127.932850374019,37.3472140135325
"MA010120220805435191","투나잇","","I2","음식","I211","주점","I21104","요리 주점","I56219","기타 주점업","51","강원특별자치도","51150","강릉시","51150571","포남1동","5115011100","포남동","5115011100110050364","1","대지",1005,364,"강원특별자치도 강릉시 포남동 1005-364","511504460116","강원특별자치도 강릉시 경강로2234번길",7,,"4215011100110050364010273","","강원특별자치도 강릉시 경강로2234번길 7","210956","25547","","","",128.908072979412,37.7630612517403
"MA010120220805435032","샹그릴라펜션","","I1","숙박","I101","일반 숙박","I10103","펜션","I55109","기타 일반 및 생활 숙박시설 운영업","51","강원특별자치도","51770","정선군","51770320","남면","5177032024","남면","5177032024104670015","1","대지",467,15,"강원특별자치도 정선군 남면 낙동리 467-15","517703229005","강원특별자치도 정선군 남면 광락로",286,,"4277032024104670015000001","","강원특별자치도 정선군 남면 광락로 286","233831","26143","","","",128.696382505407,37.3144200854697
"MA010120220805438390","써니골프아카데미","","R1","예술·스포츠","R103","스포츠 서비스","R10311","골프 연습장","R91136","골프 연습장 운영업","51","강원특별자치도","51130","원주시","51130620","태장2동","5113011200","태장동","5113011200110380003","1","대지",1038,3,"강원특별자치도 원주시 태장동 1038-3","511303219059","강원특별자치도 원주시 현충로",282,,"4213011200110370001010617","","강원특별자치도 원주시 현충로 282","220961","26318","","","",127.949443900592,37.3785268224685
"MA010120220805437625","칠성유통","","G2","소매","G221","기타 상품 소매","G22199","그 외 기타 상품 전문 소매업","G47859","그 외 기타 분류 안된 상품 전문 소매업","51","강원특별자치도","51790","화천군","51790330","상서면","5179033028","상서면","5179033028110480008","1","대지",1048,8,"강원특별자치도 화천군 상서면 산양리 1048-8","517903013022","강원특별자치도 화천군 상서면 영서로",7822,,"4279033028110480008000001","","강원특별자치도 화천군 상서면 영서로 7822","209815","24101","","","",127.659074033929,38.2144719299167
"MA010120220805438136","아리랑산촌식당","","I2","음식","I201","한식","I20101","백반/한정식","I56111","한식 일반 음식점업","51","강원특별자치도","51770","정선군","51770259","신동읍","5177025924","신동읍","5177025924101680003","1","대지",168,3,"강원특별자치도 정선군 신동읍 방제리 168-3","517704487108","강원특별자치도 정선군 신동읍 매화동길",164,,"4277025924101680000001575","","강원특별자치도 정선군 신동읍 매화동길 164","233823","26139","","","",128.702376344828,37.2322218716112
"MA010120220805437717","퀸룸클럽","","I2","음식","I211","주점","I21101","일반 유흥 주점","I56211","일반 유흥 주점업","51","강원특별자치도","51820","고성군","51820253","거진읍","5182025321","거진읍","5182025321102650033","1","대지",265,33,"강원특별자치도 고성군 거진읍 거진리 265-33","518204502026","강원특별자치도 고성군 거진읍 거진길",50,,"4282025321102650033018348","채소과일할인마트","강원특별자치도 고성군 거진읍 거진길 50","219901","24717","","","",128.455651336489,38.4480514576163
"MA010120220805437909","푸라닭춘천","","I2","음식","I210","기타 간이","I21006","치킨","I56193","치킨 전문점","51","강원특별자치도","51110","춘천시","51110660","퇴계동","5111012300","퇴계동","5111012300111240000","1","대지",1124,,"강원특별자치도 춘천시 퇴계동 1124","511104454853","강원특별자치도 춘천시 퇴계로145번길",7,13,"4211012300111240000000001","","강원특별자치도 춘천시 퇴계로145번길 7-13","200966","24380","","","",127.734900813328,37.8604110193812
"MA010120220805438362","살롱드현정","","S2","수리·개인","S207","이용·미용","S20701","미용실","S96112","두발 미용업","51","강원특별자치도","51130","원주시","51130675","반곡관설동","5113011600","관설동","5113011600117370003","1","대지",1737,3,"강원특별자치도 원주시 관설동 1737-3","511303219035","강원특별자치도 원주시 시청로",471,24,"4213011600117370003000002","","강원특별자치도 원주시 시청로 471-24","220934","26472","","1","",127.960891041849,37.3183999545757
"MA010120220805437849","한자루체험농원휴앤아크","","I2","음식","I212","비알코올 ","I21201","카페","I56221","커피 전문점","51","강원특별자치도","51810","인제군","51810330","기린면","5181033024","기린면","5181033024100680003","1","대지",68,3,"강원특별자치도 인제군 기린면 방동리 68-3","518103233009","강원특별자치도 인제군 기린면 방동약수로",68,,"4281033024100680003000001","","강원특별자치도 인제군 기린면 방동약수로 68","252841","24656","","","",128.388514120495,37.9467918366171
"MA010120220805437731","뽕마루","","I2","음식","I202","중식","I20201","중국집","I56121","중식 음식점업","51","강원특별자치도","51820","고성군","51820250","간성읍","5182025021","간성읍","5182025021100310007","1","대지",31,7,"강원특별자치도 고성군 간성읍 하리 31-7","518204502012","강원특별자치도 고성군 간성읍 간성로67번길",6,,"4282025021100270001001386","","강원특별자치도 고성군 간성읍 간성로67번길 6","219801","24729","","","",128.467121503733,38.3790572807214
"MA010120220805437203","인구시장","","I2","음식","I201","한식","I20101","백반/한정식","I56111","한식 일반 음식점업","51","강원특별자치도","51830","양양군","51830340","현남면","5183034021","현남면","5183034021106400001","1","대지",640,1,"강원특별자치도 양양군 현남면 인구리 640-1","518304505161","강원특별자치도 양양군 현남면 인구길",28,19,"4283034021106400001000001","","강원특별자치도 양양군 현남면 인구길 28-19","215842","25053","","","",128.76184076395,37.9680505146317
"MA010120220805436679","펀북스","","G2","소매","G213","오락용품 소매","G21301","서점","G47611","서적, 신문 및 잡지류 소매업","51","강원특별자치도","51130","원주시","51130660","무실동","5113011500","무실동","5113011500117190000","1","대지",1719,,"강원특별자치도 원주시 무실동 1719","511303219019","강원특별자치도 원주시 만대로",55,,"4213011500117190000000001","유토피아주차빌딩","강원특별자치도 원주시 만대로 55","220150","26387","","","",127.92145770443,37.3402594205606
"MA010120220805437151","케이에스코스메틱","","G2","소매","G215","의약·화장품 소매","G21503","화장품 소매업","G47813","화장품, 비누 및 방향제 소매업","51","강원특별자치도","51110","춘천시","51110580","소양동","5111010200","요선동","5111010200100040009","1","대지",4,9,"강원특별자치도 춘천시 요선동 4-9","511103218033","강원특별자치도 춘천시 중앙로",16,,"4211010200100040009019488","","강원특별자치도 춘천시 중앙로 16","200030","24270","","4","",127.728736463144,37.883373221719
"MA010120220805437293","더리싸이클","","G2","소매","G222","중고 상품 소매","G22201","중고 상품 소매업","G47862","중고 가전제품 및 통신장비 소매업","51","강원특별자치도","51110","춘천시","51110390","동내면","5111039024","동내면","5111039024112180000","1","대지",1218,,"강원특별자치도 춘천시 동내면 사암리 1218","511104454152","강원특별자치도 춘천시 동내면 대룡산길",42,19,"4211039024112160001005097","","강원특별자치도 춘천시 동내면 대룡산길 42-19","200882","24408","","","",127.764435699292,37.8396959840178
"MA010120220805437125","카페아지","","I2","음식","I212","비알코올 ","I21201","카페","I56221","커피 전문점","51","강원특별자치도","51210","속초시","51210600","대포동","5121011100","도문동","5121011100107690002","1","대지",769,2,"강원특별자치도 속초시 도문동 769-2","512103223005","강원특별자치도 속초시 설악산로",263,6,"4221011100107690002000001","","강원특별자치도 속초시 설악산로 263-6","217100","24904","","","",128.578466211201,38.1634207457658
"MA010120220805439733","베스파유통","","G2","소매","G204","종합 소매","G20404","슈퍼마켓","G47129","기타 음ㆍ식료품 위주 종합 소매업","51","강원특별자치도","51130","원주시","51130660","무실동","5113011500","무실동","5113011500116440000","1","대지",1644,,"강원특별자치도 원주시 무실동 1644","511303219035","강원특별자치도 원주시 시청로",88,,"4213011500116440000001953","무실주공4단지아파트","강원특별자치도 원주시 시청로 88","220781","26388","","1","",127.926225488026,37.3350540531048
"MA010120220805440324","휠라스포츠","","G2","소매","G209","섬유·의복·신발 소매","G20905","기타 의류 소매업","G47419","기타 의복 소매업","51","강원특별자치도","51130","원주시","51130515","중앙동","5113010100","중앙동","5113010100101150001","1","대지",115,1,"강원특별자치도 원주시 중앙동 115-1","511303219043","강원특별자치도 원주시 원일로",96,,"4213010100101150001012342","","강원특별자치도 원주시 원일로 96","220904","26428","","","",127.949903923218,37.348979632236
"MA010120220805440384","오슈","","I2","음식","I212","비알코올 ","I21201","카페","I56221","커피 전문점","51","강원특별자치도","51720","홍천군","51720250","홍천읍","5172025029","홍천읍","5172025029102860004","1","대지",286,4,"강원특별자치도 홍천군 홍천읍 연봉리 286-4","517204475400","강원특별자치도 홍천군 홍천읍 송학로3길",21,,"4272025029102860004000001","","강원특별자치도 홍천군 홍천읍 송학로3길 21","250930","25140","","","",127.873714041892,37.684991739807
"MA010120220805440070","네일뉴스","","S2","수리·개인","S207","이용·미용","S20703","네일숍","S96119","기타 미용업","51","강원특별자치도","51130","원주시","51130590","단계동","5113011000","단계동","5113011000108280005","1","대지",828,5,"강원특별자치도 원주시 단계동 828-5","511304457081","강원특별자치도 원주시 금불1길",6,5,"4213011000108280005000001","","강원특별자치도 원주시 금불1길 6-5","220938","26423","","","",127.932883384962,37.3481692110468
"MA010120220805440217","하수구119","","N1","시설관리·임대","N102","청소·방제","N10202","산업설비, 운송장비 및 공공장소 청소업","N74212","산업설비, 운송장비 및 공공장소 청소업","51","강원특별자치도","51130","원주시","51130530","개운동","5113010500","개운동","5113010500103840052","1","대지",384,52,"강원특별자치도 원주시 개운동 384-52","511304457029","강원특별자치도 원주시 개봉길",16,,"4213010500103840052003693","","강원특별자치도 원주시 개봉길 16","220931","26443","","","",127.956194778844,37.3423949967093
"MA010120220805440275","숨은밥집","","I2","음식","I201","한식","I20101","백반/한정식","I56111","한식 일반 음식점업","51","강원특별자치도","51770","정선군","51770250","정선읍","5177025021","정선읍","5177025021103450003","1","대지",345,3,"강원특별자치도 정선군 정선읍 봉양리 345-3","517703229019","강원특별자치도 정선군 정선읍 비봉로",54,1,"4277025021103450003009156","","강원특별자치도 정선군 정선읍 비봉로 54-1","233804","26130","","","",128.664285592426,37.3810604429715
"MA010120220805440077","루나뷰티","","S2","수리·개인","S207","이용·미용","S20702","피부 관리실","S96113","피부 미용업","51","강원특별자치도","51130","원주시","51130330","지정면","5113033023","지정면","5113033023115250000","1","대지",1525,,"강원특별자치도 원주시 지정면 가곡리 1525","511303350535","강원특별자치도 원주시 지정면 가곡로",120,,"4213033023115250000000002","원주기업도시8단지호반베르디움","강원특별자치도 원주시 지정면 가곡로 120","220821","26352","","3","",127.874755340964,37.3815621103429
"MA010120220805439674","제이제이당구클럽","","R1","예술·스포츠","R103","스포츠 서비스","R10310","당구장","R91135","당구장 운영업","51","강원특별자치도","51790","화천군","51790250","화천읍","5179025022","화천읍","5179025022100440032","1","대지",44,32,"강원특별자치도 화천군 화천읍 하리 44-32","517903231023","강원특별자치도 화천군 화천읍 중앙로",10,3,"4279025022100440032000001","보떼,이니스프리","강원특별자치도 화천군 화천읍 중앙로 10-3","209804","24129","","2","",127.705206514075,38.10464971835
"MA010120220805440147","금강산장콘도텔","","I1","숙박","I101","일반 숙박","I10102","여관/모텔","I55102","여관업","51","강원특별자치도","51810","인제군","51810340","서화면","5181034021","서화면","5181034021106010004","1","대지",601,4,"강원특별자치도 인제군 서화면 천도리 601-4","518103233022","강원특별자치도 인제군 서화면 천도로",96,,"4281034021006010004015147","","강원특별자치도 인제군 서화면 천도로 96","252833","24603","","","",128.208058901811,38.2208461593262
"MA010120220805438826","루나인","","I1","숙박","I101","일반 숙박","I10102","여관/모텔","I55109","기타 일반 및 생활 숙박시설 운영업","51","강원특별자치도","51830","양양군","51830350","강현면","5183035039","강현면","5183035039100710008","1","대지",71,8,"강원특별자치도 양양군 강현면 전진리 71-8","518304505063","강원특별자치도 양양군 강현면 뒷나루1길",5,,"4283035039100710008020140","","강원특별자치도 양양군 강현면 뒷나루1길 5","215853","25004","","1","",128.622806631356,38.1279477815395
"MA010120220805438959","홍천해물찜","","I2","음식","I201","한식","I20112","해산물 구이/찜","I56111","한식 일반 음식점업","51","강원특별자치도","51720","홍천군","51720250","홍천읍","5172025029","홍천읍","5172025029104790001","1","대지",479,1,"강원특별자치도 홍천군 홍천읍 연봉리 479-1","517204475474","강원특별자치도 홍천군 홍천읍 연봉로9길",4,,"4272025029104790001029382","","강원특별자치도 홍천군 홍천읍 연봉로9길 4","250930","25146","","1","",127.878016899407,37.6814821341518
"MA010120220805438725","동미기획","","M1","과학·기술","M105","광고","M10502","옥외/전시 광고 대행업","M71391","옥외 및 전시 광고업","51","강원특별자치도","51170","동해시","51170510","천곡동","5117010200","평릉동","5117010200104860008","1","대지",486,8,"강원특별자치도 동해시 평릉동 486-8","511704463243","강원특별자치도 동해시 평원5길",6,6,"4217010200104860008000001","","강원특별자치도 동해시 평원5길 6-6","240809","25752","","1","",129.118476549014,37.5292659130945
"MA010120220805439225","원조남원주가든","","I2","음식","I201","한식","I20101","백반/한정식","I56111","한식 일반 음식점업","51","강원특별자치도","51130","원주시","51130660","무실동","5113011500","무실동","5113011500108300016","1","대지",830,16,"강원특별자치도 원주시 무실동 830-16","511304457500","강원특별자치도 원주시 은행정길",78,,"4213011500108300016036004","","강원특별자치도 원주시 은행정길 78","220150","26395","","","",127.925310025144,37.3136249497353
"MA010120220805439405","필그린인카운터춘천동부지사","","G2","소매","G205","식료품 소매","G20508","건강보조식품 소매업","G47217","건강 보조식품 소매업","51","강원특별자치도","51110","춘천시","51110675","강남동","5111012600","칠전동","5111012600102330000","1","대지",233,,"강원특별자치도 춘천시 칠전동 233","511103218030","강원특별자치도 춘천시 옛경춘로",446,,"4211012600102330000000001","","강원특별자치도 춘천시 옛경춘로 446","200220","24459","","","",127.705178689484,37.8440767353734
"MA010120220805441984","원샷","","I2","음식","I211","주점","I21104","요리 주점","I56219","기타 주점업","51","강원특별자치도","51210","속초시","51210570","노학동","5121010600","교동","5121010600107600004","1","대지",760,4,"강원특별자치도 속초시 교동 760-4","512104469041","강원특별자치도 속초시 만천1길",7,,"4221010600107600004012459","","강원특별자치도 속초시 만천1길 7","217804","24852","","","",128.575215066222,38.1984124869736
"MA010120220805441643","이모네한식","","I2","음식","I201","한식","I20101","백반/한정식","I56111","한식 일반 음식점업","51","강원특별자치도","51110","춘천시","51110600","후평1동","5111012000","후평동","5111012000108470007","1","대지",847,7,"강원특별자치도 춘천시 후평동 847-7","511104454821","강원특별자치도 춘천시 후석로393번길",32,,"4211012000108470007032571","","강원특별자치도 춘천시 후석로393번길 32","200959","24254","","1","",127.743456165922,37.8840369359197
"MA010120220805442165","백도가면","","G2","소매","G213","오락용품 소매","G21306","장난감 소매업","G47640","게임용구, 인형 및 장난감 소매업","51","강원특별자치도","51820","고성군","51820320","죽왕면","5182032031","죽왕면","5182032031100100037","1","대지",10,37,"강원특별자치도 고성군 죽왕면 문암진리 10-37","518204502405","강원특별자치도 고성군 죽왕면 문암항길",65,,"4282032031100100037011044","","강원특별자치도 고성군 죽왕면 문암항길 65","219823","24752","","","",128.546371788272,38.3032061547134
"MA010120220805442270","알짜부동산공인중개사사무소","","L1","부동산","L102","부동산 서비스","L10203","부동산 중개/대리업","L68221","부동산 중개 및 대리업","51","강원특별자치도","51110","춘천시","51110705","신사우동","5111011800","우두동","5111011800110650002","1","대지",1065,2,"강원특별자치도 춘천시 우두동 1065-2","511103218039","강원특별자치도 춘천시 충열로",18,,"4211011800110650002020354","","강원특별자치도 춘천시 충열로 18","200940","24231","","1","",127.730017613956,37.8998919741158
"MA010120220805442190","로벨리아네일","","S2","수리·개인","S207","이용·미용","S20703","네일숍","S96119","기타 미용업","51","강원특별자치도","51130","원주시","51130590","단계동","5113011000","단계동","5113011000108110004","1","대지",811,4,"강원특별자치도 원주시 단계동 811-4","511304457619","강원특별자치도 원주시 평원초교길",32,3,"4213011000108110004000001","","강원특별자치도 원주시 평원초교길 32-3","220938","26423","","1","",127.932678308975,37.3503047295435
"MA010120220805441604","픽쳐스트","","M1","과학·기술","M112","전문 디자인","M11203","시각 디자인업","M73203","시각 디자인업","51","강원특별자치도","51130","원주시","51130620","태장2동","5113011200","태장동","5113011200105510000","1","대지",551,,"강원특별자치도 원주시 태장동 551","511304457687","강원특별자치도 원주시 흥양로102번길",22,,"4213011200105510000014547","삼정백조아파트","강원특별자치도 원주시 흥양로102번길 22","220793","26318","","4","",127.957572252097,37.381539715652
"MA010120220805440755","반딧불","","I1","숙박","I101","일반 숙박","I10103","펜션","I55104","민박업","51","강원특별자치도","51780","철원군","51780259","동송읍","5178025922","동송읍","5178025922108210010","1","대지",821,10,"강원특별자치도 철원군 동송읍 오덕리 821-10","517803230034","강원특별자치도 철원군 동송읍 태봉로",2644,2,"4278025922108210010000001","","강원특별자치도 철원군 동송읍 태봉로 2644-2","269814","24010","","","",127.217423514287,38.2282695443756
"MA010120220805440885","쓰리랑PC방","","R1","예술·스포츠","R104","유원지·오락","R10406","PC방","R91222","컴퓨터 게임방 운영업","51","강원특별자치도","51810","인제군","51810320","북면","5181032021","북면","5181032021107090006","1","대지",709,6,"강원특별자치도 인제군 북면 원통리 709-6","518104499138","강원특별자치도 인제군 북면 원통로174번길",8,2,"4281032021007090006011143","","강원특별자치도 인제군 북면 원통로174번길 8-2","252822","24619","","","",128.204105483326,38.1219520888033
"MA010120220805441031","강남교자","","I2","음식","I201","한식","I20105","국수/칼국수","I56112","한식 면 요리 전문점","51","강원특별자치도","51720","홍천군","51720370","서면","5172037023","서면","5172037023112780011","1","대지",1278,11,"강원특별자치도 홍천군 서면 팔봉리 1278-11","517204475627","강원특별자치도 홍천군 서면 한치골길",262,,"4272037023112760002000001","대명비발디파크","강원특별자치도 홍천군 서면 한치골길 262","250856","25102","","1","",127.687272903554,37.6523237387557
"MA010120220805440912","퇴계주유소","","G2","소매","G214","연료 소매","G21401","주유소","G47711","운송장비용 주유소 운영업","51","강원특별자치도","51110","춘천시","51110660","퇴계동","5111012300","퇴계동","5111012300111620001","1","대지",1162,1,"강원특별자치도 춘천시 퇴계동 1162-1","511103218042","강원특별자치도 춘천시 퇴계로",25,,"4211012300100000000000127","","강원특별자치도 춘천시 퇴계로 25","200943","24367","","","",127.724924525202,37.8659835360255
"MA010120220805440610","황토집","","I2","음식","I201","한식","I20101","백반/한정식","I56111","한식 일반 음식점업","51","강원특별자치도","51810","인제군","51810250","인제읍","5181025021","인제읍","5181025021102530000","1","대지",253,,"강원특별자치도 인제군 인제읍 상동리 253","518103233026","강원특별자치도 인제군 인제읍 비봉로",31,1,"4281025021002530000008844","","강원특별자치도 인제군 인제읍 비봉로 31-1","252806","24635","","","",128.174469219454,38.066912925768
"MA010120220805443815","돼지좋아","","I2","음식","I201","한식","I20107","돼지고기 구이/찜","I56113","한식 육류 요리 전문점","51","강원특별자치도","51730","횡성군","51730330","둔내면","5173033022","둔내면","5173033022105930001","1","대지",593,1,"강원특별자치도 횡성군 둔내면 둔방내리 593-1","517304478058","강원특별자치도 횡성군 둔내면 경강로둔방6길",8,,"4273033022105930001010115","","강원특별자치도 횡성군 둔내면 경강로둔방6길 8","225831","25265","","","",128.212785530821,37.5127716534667
"MA010120220805443907","바보펜션","","I1","숙박","I101","일반 숙박","I10103","펜션","I55104","민박업","51","강원특별자치도","51230","삼척시","51230310","근덕면","5123031033","근덕면","5123031033102310003","1","대지",231,3,"강원특별자치도 삼척시 근덕면 용화리 231-3","512304472240","강원특별자치도 삼척시 근덕면 용화길",30,,"4223031033102310003000001","","강원특별자치도 삼척시 근덕면 용화길 30","245836","25938","","","",129.30150878791,37.2902184297689
"MA010120220805444365","어면먹자","","I2","음식","I201","한식","I20101","백반/한정식","I56111","한식 일반 음식점업","51","강원특별자치도","51210","속초시","51210580","조양동","5121010800","조양동","5121010800115000004","1","대지",1500,4,"강원특별자치도 속초시 조양동 1500-4","512102000023","강원특별자치도 속초시 동해대로",4137,,"4221010800115000004011390","","강원특별자치도 속초시 동해대로 4137","217813","24874","","1","",128.581684322022,38.189271800501
"MA010120220805443133","광목사랑","","G2","소매","G209","섬유·의복·신발 소매","G20906","침구류/커튼 소매업","G47421","가정용 직물제품 소매업","51","강원특별자치도","51170","동해시","51170520","송정동","5117010300","송정동","5117010300108510031","1","대지",851,31,"강원특별자치도 동해시 송정동 851-31","511704463077","강원특별자치도 동해시 동해항1길",27,,"4217010300008510031002151","","강원특별자치도 동해시 동해항1길 27","240806","25787","","1","",129.128990043689,37.4986746423313
"MA010120220805443417","제이모터스","","G2","소매","G203","모터사이클 소매","G20301","모터사이클 및 부품 소매업","G45302","모터사이클 및 부품 소매업","51","강원특별자치도","51170","동해시","51170630","망상동","5117013100","초구동","5117013100100080012","1","대지",8,12,"강원특별자치도 동해시 초구동 8-12","511702000023","강원특별자치도 동해시 동해대로",5950,,"4217013100100080012000001","","강원특별자치도 동해시 동해대로 5950","240080","25705","","","",129.099412557351,37.5700907588613
"MA010120220805442512","호두펜션","","I1","숙박","I101","일반 숙박","I10103","펜션","I55109","기타 일반 및 생활 숙박시설 운영업","51","강원특별자치도","51720","홍천군","51720370","서면","5172037023","서면","5172037023111420000","1","대지",1142,,"강원특별자치도 홍천군 서면 팔봉리 1142","517204475630","강원특별자치도 홍천군 서면 한치골길813번길",22,5,"4272037023111420000037417","","강원특별자치도 홍천군 서면 한치골길813번길 22-5","250856","25101","","","",127.695078675067,37.6834577649062
"MA010120220805443086","유정부동산공인중개사사무소","","L1","부동산","L102","부동산 서비스","L10203","부동산 중개/대리업","L68221","부동산 중개 및 대리업","51","강원특별자치도","51110","춘천시","51110330","신동면","5111033024","신동면","5111033024109380002","1","대지",938,2,"강원특별자치도 춘천시 신동면 증리 938-2","511103218006","강원특별자치도 춘천시 신동면 김유정로",1417,,"4211033024109380002061434","","강원특별자치도 춘천시 신동면 김유정로 1417","200812","24412","","","",127.715175966853,37.817881215894
"MA010120220805443206","망고숲","","I1","숙박","I101","일반 숙박","I10103","펜션","I55109","기타 일반 및 생활 숙박시설 운영업","51","강원특별자치도","51720","홍천군","51720330","내촌면","5172033026","내촌면","5172033026107230015","1","대지",723,15,"강원특별자치도 홍천군 내촌면 화상대리 723-15","517204475455","강원특별자치도 홍천군 내촌면 어은동길",19,,"4272033026107230015000002","","강원특별자치도 홍천군 내촌면 어은동길 19","250862","25163","","","",128.047716515534,37.8052408955964
"MA010120220805442840","뽀끼뽀끼오락실","","R1","예술·스포츠","R104","유원지·오락","R10405","기타 오락장","R91229","기타 오락장 운영업","51","강원특별자치도","51170","동해시","51170510","천곡동","5117010100","천곡동","5117010100108600000","1","대지",860,,"강원특별자치도 동해시 천곡동 860","511703221045","강원특별자치도 동해시 한섬로",111,2,"4217010100108600000000001","","강원특별자치도 동해시 한섬로 111-2","240812","25769","","","",129.115670311211,37.5216426251087
"MA010120220805443165","힐탑","","I2","음식","I211","주점","I21101","일반 유흥 주점","I56211","일반 유흥 주점업","51","강원특별자치도","51150","강릉시","51150540","옥천동","5115010900","옥천동","5115010900102850001","1","대지",285,1,"강원특별자치도 강릉시 옥천동 285-1","511503220023","강원특별자치도 강릉시 옥가로",26,,"4215010900102850001012359","","강원특별자치도 강릉시 옥가로 26","210933","25552","","","",128.89961931244,37.7585218720418
"MA010120220805442471","숙이네건강원","","G2","소매","G205","식료품 소매","G20508","건강보조식품 소매업","C10796","건강 보조용 액화식품 제조업","51","강원특별자치도","51150","강릉시","51150615","강남동","5115012100","노암동","5115012100102670020","1","대지",267,20,"강원특별자치도 강릉시 노암동 267-20","511503220032","강원특별자치도 강릉시 율곡로",2753,,"4215012100102670020002321","","강원특별자치도 강릉시 율곡로 2753","210930","25589","","","",128.904730661664,37.7523558008505
"MA010120220805446454","바다애","","I2","음식","I201","한식","I20111","횟집","I56114","한식 해산물 요리 전문점","51","강원특별자치도","51110","춘천시","51110310","동면","5111031021","동면","5111031021103210001","1","대지",321,1,"강원특별자치도 춘천시 동면 지내리 321-1","511104454102","강원특별자치도 춘천시 동면 금옥길",26,,"4211031021103210001000001","","강원특별자치도 춘천시 동면 금옥길 26","200853","24211","","","",127.784946288054,37.9169263757704
"MA010120220805445538","더윤헤어살롱","","S2","수리·개인","S207","이용·미용","S20701","미용실","S96112","두발 미용업","51","강원특별자치도","51130","원주시","51130675","반곡관설동","5113011600","관설동","5113011600117850007","1","대지",1785,7,"강원특별자치도 원주시 관설동 1785-7","511303219035","강원특별자치도 원주시 시청로",494,18,"4213011600117850007034719","","강원특별자치도 원주시 시청로 494-18","220934","26469","","1","",127.961366793545,37.3147325648769
"MA010120220805445613","동주공인중개사사무소","","L1","부동산","L102","부동산 서비스","L10203","부동산 중개/대리업","L68221","부동산 중개 및 대리업","51","강원특별자치도","51780","철원군","51780250","철원읍","5178025021","철원읍","5178025021100400089","1","대지",40,89,"강원특별자치도 철원군 철원읍 화지리 40-89","517803230005","강원특별자치도 철원군 철원읍 금학로",258,,"4278025021100400088019781","중앙부동산","강원특별자치도 철원군 철원읍 금학로 258","269821","24008","","","",127.21624547516,38.2113867437404
"MA010120220805445907","더슬기로운생활","","M1","과학·기술","M107","본사·경영 컨설팅","M10703","경영 컨설팅업","M71531","경영 컨설팅업","51","강원특별자치도","51110","춘천시","51110630","효자2동","5111011200","효자동","5111011200103200003","1","대지",320,3,"강원특별자치도 춘천시 효자동 320-3","511104454048","강원특별자치도 춘천시 공지로252번길",9,,"4211011200103200003026268","","강원특별자치도 춘천시 공지로252번길 9","200948","24343","","1","",127.73658900778,37.865055115509
"MA010120220805446176","홍천산천마을","","G2","소매","G205","식료품 소매","G20506","채소/과일 소매업","G47215","채소, 과실 및 뿌리작물 소매업","51","강원특별자치도","51720","홍천군","51720310","화촌면","5172031026","화촌면","5172031026113260009","1","대지",1326,9,"강원특별자치도 홍천군 화촌면 군업리 1326-9","517204475175","강원특별자치도 홍천군 화촌면 도광터길",115,,"4272031026200100025005793","","강원특별자치도 홍천군 화촌면 도광터길 115","250812","25159","","","",128.053494745659,37.7076547774656
"MA010120220805446258","영웅이되다","","G2","소매","G204","종합 소매","G20404","슈퍼마켓","G47129","기타 음ㆍ식료품 위주 종합 소매업","51","강원특별자치도","51130","원주시","51130650","행구동","5113011400","행구동","5113011400105300008","1","대지",530,8,"강원특별자치도 원주시 행구동 530-8","511304457413","강원특별자치도 원주시 아랫거름터길",28,,"4213011400105300008000001","","강원특별자치도 원주시 아랫거름터길 28","220160","26455","","","",127.999793817668,37.3525316077119
"MA010120220805446318","다맥인제솔라","","M1","과학·기술","M107","본사·경영 컨설팅","M10703","경영 컨설팅업","M71531","경영 컨설팅업","51","강원특별자치도","51810","인제군","51810330","기린면","5181033021","기린면","5181033021105570002","1","대지",557,2,"강원특별자치도 인제군 기린면 현리 557-2","518103233024","강원특별자치도 인제군 기린면 한석산로",3077,17,"4281033021005590000004876","","강원특별자치도 인제군 기린면 한석산로 3077-17","252845","24655","","","",128.332691063905,37.9765792414267
"MA010120220805445009","피에이티원주","","G2","소매","G209","섬유·의복·신발 소매","G20905","기타 의류 소매업","G47419","기타 의복 소매업","51","강원특별자치도","51130","원주시","51130515","중앙동","5113010100","중앙동","5113010100101090001","1","대지",109,1,"강원특별자치도 원주시 중앙동 109-1","511303219066","강원특별자치도 원주시 중앙로",105,,"4213010100101090001012237","","강원특별자치도 원주시 중앙로 105","220904","26428","","1","",127.950637279471,37.3494665409233
"MA010120220805445143","화로상회","","I2","음식","I201","한식","I20107","돼지고기 구이/찜","I56113","한식 육류 요리 전문점","51","강원특별자치도","51130","원주시","51130550","단구동","5113010700","단구동","5113010700116070008","1","대지",1607,8,"강원특별자치도 원주시 단구동 1607-8","511304457092","강원특별자치도 원주시 나비허리길",37,,"4213010700116070008024354","","강원특별자치도 원주시 나비허리길 37","220965","26487","","1","",127.957525344678,37.3245173733117
"MA010120220805445345","필라테슈","","P1","교육","P106","기타 교육","P10603","요가/필라테스 학원","P85612","기타 스포츠 교육기관","51","강원특별자치도","51130","원주시","51130675","반곡관설동","5113011700","반곡동","5113011700119130002","1","대지",1913,2,"강원특별자치도 원주시 반곡동 1913-2","511303351211","강원특별자치도 원주시 건강로",23,,"4213011700119130002000001","","강원특별자치도 원주시 건강로 23","220170","26464","","2","",127.987821811764,37.325326362576
"MA010120220805444479","모모","","G2","소매","G209","섬유·의복·신발 소매","G20902","여성 의류 소매업","G47412","여자용 겉옷 소매업","51","강원특별자치도","51130","원주시","51130560","일산동","5113010800","일산동","5113010800100200002","1","대지",20,2,"강원특별자치도 원주시 일산동 20-2","511303219022","강원특별자치도 원주시 무실로",23,,"4213010800100200002010807","","강원특별자치도 원주시 무실로 23","220956","26431","","","",127.94919357591,37.3478619504102
"MA010120220805444795","마미쿡","","I2","음식","I210","기타 간이","I21003","피자","I56192","피자, 햄버거, 샌드위치 및 유사 음식점업","51","강원특별자치도","51110","춘천시","51110660","퇴계동","5111012300","퇴계동","5111012300109160002","1","대지",916,2,"강원특별자치도 춘천시 퇴계동 916-2","511103218036","강원특별자치도 춘천시 춘주로",162,,"4211012300109160002001025","퇴계현대1차아파트","강원특별자치도 춘천시 춘주로 162","200753","24452","","","",127.726341842192,37.8576793366339
"MA010120220805447712","까사미아,에몬스,아르마니가구","","G2","소매","G211","가구 소매","G21101","가구 소매업","G47520","가구 소매업","51","강원특별자치도","51170","동해시","51170600","북평동","5117011600","단봉동","5117011600106960001","1","대지",696,1,"강원특별자치도 동해시 단봉동 696-1","511704463051","강원특별자치도 동해시 단실가원1길",1,,"4217011600106960001000005","","강원특별자치도 동해시 단실가원1길 1","240200","25820","","","",129.119010896032,37.4763966309917
"MA010120220805447680","양지막국수","","I2","음식","I201","한식","I20105","국수/칼국수","I56112","한식 면 요리 전문점","51","강원특별자치도","51150","강릉시","51150665","경포동","5115013800","안현동","5115013800107930003","1","대지",793,3,"강원특별자치도 강릉시 안현동 793-3","511503220021","강원특별자치도 강릉시 안현로",30,,"4215013800107930003000001","","강원특별자치도 강릉시 안현로 30","210380","25462","","","",128.864295485156,37.7999267900606
"MA010120220805447566","원주자동차유리오토글라스","","S2","수리·개인","S203","자동차 수리·세차","S20301","자동차 정비소","S95212","자동차 전문 수리업","51","강원특별자치도","51130","원주시","51130600","우산동","5113011100","우산동","5113011100100960001","1","대지",96,1,"강원특별자치도 원주시 우산동 96-1","511303219038","강원특별자치도 원주시 우무개로",1,,"4213011100100960001637446","","강원특별자치도 원주시 우무개로 1","220952","26345","","1","",127.939653903744,37.3645099964059
"MA010120220805447367","정관장","","G2","소매","G205","식료품 소매","G20508","건강보조식품 소매업","G47217","건강 보조식품 소매업","51","강원특별자치도","51790","화천군","51790250","화천읍","5179025022","화천읍","5179025022100440042","1","대지",44,42,"강원특별자치도 화천군 화천읍 하리 44-42","517903231023","강원특별자치도 화천군 화천읍 중앙로",12,1,"4279025022100440042000001","","강원특별자치도 화천군 화천읍 중앙로 12-1","209804","24129","","","",127.705423775093,38.104497094416
"MA010120220805446545","리치","","M1","과학·기술","M107","본사·경영 컨설팅","M10703","경영 컨설팅업","M71531","경영 컨설팅업","51","강원특별자치도","51130","원주시","51130675","반곡관설동","5113011700","반곡동","5113011700118990002","1","대지",1899,2,"강원특별자치도 원주시 반곡동 1899-2","511303219089","강원특별자치도 원주시 미래로",1,,"4213011700118990002000001","강림빌딩","강원특별자치도 원주시 미래로 1","220170","26462","","","",127.98434626668,37.3260198128541
"MA010120220805450302","오페라댄스","","P1","교육","P106","기타 교육","P10605","레크리에이션 교육기관","P85613","레크리에이션 교육기관","51","강원특별자치도","51150","강릉시","51150540","옥천동","5115010900","옥천동","5115010900101600001","1","대지",160,1,"강원특별자치도 강릉시 옥천동 160-1","511503220023","강원특별자치도 강릉시 옥가로",14,,"4215010900101600001016173","","강원특별자치도 강릉시 옥가로 14","210933","25552","","3","",128.899290339286,37.7575963310563
"MA010120220805450376","스톤나인","","M1","과학·기술","M109","기술 서비스","M10901","건축 설계 및 관련 서비스업","M72111","건축 설계 및 관련 서비스업","51","강원특별자치도","51730","횡성군","51730380","강림면","5173038021","강림면","5173038021113380011","1","대지",1338,11,"강원특별자치도 횡성군 강림면 강림리 1338-11","517304478022","강원특별자치도 횡성군 강림면 강림길",17,14,"4273038021113380011000001","","강원특별자치도 횡성군 강림면 강림길 17-14","225882","25272","","","",128.124908065157,37.3660634153514
"MA010120220805450245","강원푸드컨설팅","","M1","과학·기술","M107","본사·경영 컨설팅","M10703","경영 컨설팅업","M71531","경영 컨설팅업","51","강원특별자치도","51130","원주시","51130675","반곡관설동","5113011700","반곡동","5113011700119030002","1","대지",1903,2,"강원특별자치도 원주시 반곡동 1903-2","511303219085","강원특별자치도 원주시 양지로",80,,"4213011700119030002000001","","강원특별자치도 원주시 양지로 80","220170","26462","","6","",127.986185178467,37.3279844733855
"MA010120220805450386","미진인테리어","","M1","과학·기술","M112","전문 디자인","M11201","인테리어 디자인업","F42412","도배, 실내 장식 및 내장 목공사업","51","강원특별자치도","51150","강릉시","51150520","중앙동","5115010500","임당동","5115010500100190030","1","대지",19,30,"강원특별자치도 강릉시 임당동 19-30","511503220046","강원특별자치도 강릉시 토성로",174,,"4215010500100190030013954","","강원특별자치도 강릉시 토성로 174","210080","25532","","","",128.895144901386,37.756393490473
"MA010120220805450214","미앤미뷰티","","S2","수리·개인","S207","이용·미용","S20701","미용실","S96112","두발 미용업","51","강원특별자치도","51150","강릉시","51150540","옥천동","5115010900","옥천동","5115010900102840000","1","대지",284,,"강원특별자치도 강릉시 옥천동 284","511503220025","강원특별자치도 강릉시 옥천로",49,,"4215010900102840000012371","","강원특별자치도 강릉시 옥천로 49","210933","25552","","","",128.900185182249,37.7593284699885
"MA010120220805450467","후","","I2","음식","I210","기타 간이","I21001","빵/도넛","I56191","제과점업","51","강원특별자치도","51230","삼척시","51230310","근덕면","5123031034","근덕면","5123031034100010005","1","대지",1,5,"강원특별자치도 삼척시 근덕면 장호리 1-5","512304472282","강원특별자치도 삼척시 근덕면 장호항길",136,,"4223031034100010004000002","장호펜션","강원특별자치도 삼척시 근덕면 장호항길 136","245836","25938","","","",129.318308066546,37.2893116520703
"MA010120220805449638","일출물빛","","I1","숙박","I101","일반 숙박","I10103","펜션","I55104","민박업","51","강원특별자치도","51230","삼척시","51230253","원덕읍","5123025321","원덕읍","5123025321104920005","1","대지",492,5,"강원특별자치도 삼척시 원덕읍 갈남리 492-5","512304472201","강원특별자치도 삼척시 원덕읍 신남길",41,,"4223025321104920005000001","","강원특별자치도 삼척시 원덕읍 신남길 41","245804","25956","","","",129.325075686471,37.265574288016
"MA010120220805450478","미젤","","G2","소매","G204","종합 소매","G20499","그 외 기타 종합 소매업","G47190","그 외 기타 종합 소매업","51","강원특별자치도","51110","춘천시","51110610","후평2동","5111012000","후평동","5111012000108380006","1","대지",838,6,"강원특별자치도 춘천시 후평동 838-6","511103218049","강원특별자치도 춘천시 후석로",269,,"4211012000108380006030653","","강원특별자치도 춘천시 후석로 269","200961","24283","","","",127.752261246219,37.8754870145039
"MA010120220805449567","스카이24시편의점","","G2","소매","G204","종합 소매","G20404","슈퍼마켓","G47129","기타 음ㆍ식료품 위주 종합 소매업","51","강원특별자치도","51230","삼척시","51230530","교동","5123010700","갈천동","5123010700100140024","1","대지",14,24,"강원특별자치도 삼척시 갈천동 14-24","512304472329","강원특별자치도 삼척시 테마타운길",85,,"4223010700100140024000004","해수사우나","강원특별자치도 삼척시 테마타운길 85","245930","25909","","1","",129.167478976513,37.4683949180973
"MA010120220805448799","씨즐","","I2","음식","I212","비알코올 ","I21201","카페","I56221","커피 전문점","51","강원특별자치도","51150","강릉시","51150590","송정동","5115011500","견소동","5115011500100070000","1","대지",7,,"강원특별자치도 강릉시 견소동 7","511503000145","강원특별자치도 강릉시 경강로",2668,,"4215011500100070000022663","","강원특별자치도 강릉시 경강로 2668","210140","25556","","1","",128.950185317663,37.7705860979195
"MA010120220805448628","가나안떡집","","I2","음식","I210","기타 간이","I21002","떡/한과","C10711","떡류 제조업","51","강원특별자치도","51210","속초시","51210570","노학동","5121010600","교동","5121010600107640043","1","대지",764,43,"강원특별자치도 속초시 교동 764-43","512104469042","강원특별자치도 속초시 만천2길",13,1,"4221010600107640042004871","","강원특별자치도 속초시 만천2길 13-1","217804","24847","","","",128.575627056904,38.1985366037309
"MA010120220805448564","로즈아로마","","G2","소매","G215","의약·화장품 소매","G21503","화장품 소매업","G47813","화장품, 비누 및 방향제 소매업","51","강원특별자치도","51210","속초시","51210560","교동","5121010500","청학동","5121010500104820382","1","대지",482,382,"강원특별자치도 속초시 청학동 482-382","512103223019","강원특별자치도 속초시 청학로",16,,"4221010500104820382011977","","강원특별자치도 속초시 청학로 16","217800","24837","","2","",128.583719675112,38.2011364917568
"MA010120220805448945","놀부부대찌개","","I2","음식","I201","한식","I20102","국/탕/찌개류","I56111","한식 일반 음식점업","51","강원특별자치도","51130","원주시","51130660","무실동","5113011500","무실동","5113011500118570012","1","대지",1857,12,"강원특별자치도 원주시 무실동 1857-12","511304517922","강원특별자치도 원주시 능라동길",47,,"4213011500118570012000001","","강원특별자치도 원주시 능라동길 47","220150","26392","","2","",127.929227998022,37.3343710404245
"MA010120220805448759","대게왕국민박","","I2","음식","I201","한식","I20112","해산물 구이/찜","I56111","한식 일반 음식점업","51","강원특별자치도","51150","강릉시","51150250","주문진읍","5115025021","주문진읍","5115025021103720005","1","대지",372,5,"강원특별자치도 강릉시 주문진읍 주문리 372-5","511503220050","강원특별자치도 강릉시 주문진읍 해안로",1789,1,"4215025021103720005030640","","강원특별자치도 강릉시 주문진읍 해안로 1789-1","210806","25412","","","",128.83027859271,37.8944803340855
"MA010120220805449004","푸른숲","","I2","음식","I201","한식","I20101","백반/한정식","I56111","한식 일반 음식점업","51","강원특별자치도","51130","원주시","51130550","단구동","5113010700","단구동","5113010700115500003","1","대지",1550,3,"강원특별자치도 원주시 단구동 1550-3","511304457578","강원특별자치도 원주시 천매봉길",32,15,"4213010700115500003000001","","강원특별자치도 원주시 천매봉길 32-15","220944","26483","","1","",127.943342567699,37.3234931718433
"MA010120220805448906","영란헤어샵","","S2","수리·개인","S207","이용·미용","S20701","미용실","S96112","두발 미용업","51","강원특별자치도","51750","영월군","51750250","영월읍","5175025024","영월읍","5175025024105050011","1","대지",505,11,"강원특별자치도 영월군 영월읍 덕포리 505-11","517504481223","강원특별자치도 영월군 영월읍 중리1길",108,,"4275025024105050011020801","금용아파트","강원특별자치도 영월군 영월읍 중리1길 108","230802","26229","","2","",128.482148443391,37.1816346510877
"MA010120220805449034","그린산업","","M1","과학·기술","M109","기술 서비스","M10999","기타 엔지니어링 서비스업","M72129","기타 엔지니어링 서비스업","51","강원특별자치도","51170","동해시","51170530","북삼동","5117010700","동회동","5117010700100640005","1","대지",64,5,"강원특별자치도 동해시 동회동 64-5","511704463239","강원특별자치도 동해시 효자남1길",4,,"4217010700100640005000001","하늘마루","강원특별자치도 동해시 효자남1길 4","240180","25806","","","",129.108761412534,37.4897386532316
"MA010120220805451858","터미널천궁단란주점","","I2","음식","I211","주점","I21101","일반 유흥 주점","I56211","일반 유흥 주점업","51","강원특별자치도","51150","강릉시","51150550","교1동","5115011000","교동","5115011000117430001","1","대지",1743,1,"강원특별자치도 강릉시 교동 1743-1","511503220029","강원특별자치도 강릉시 원대로",6,,"4215011000117430001015686","","강원특별자치도 강릉시 원대로 6","210924","25506","","","",128.881930795924,37.7550694983534
"MA010120220805451628","호텔느낌속초","","I1","숙박","I101","일반 숙박","I10102","여관/모텔","I55102","여관업","51","강원특별자치도","51210","속초시","51210570","노학동","5121010600","교동","5121010600109880004","1","대지",988,4,"강원특별자치도 속초시 교동 988-4","512103223012","강원특별자치도 속초시 온천로",313,,"4221010600109880004003752","","강원특별자치도 속초시 온천로 313","217070","24855","","","",128.576796426806,38.193359293288
"MA010120220805452465","CU양양","","G2","소매","G204","종합 소매","G20405","편의점","G47122","체인화 편의점","51","강원특별자치도","51830","양양군","51830250","양양읍","5183025021","양양읍","5183025021100110002","1","대지",11,2,"강원특별자치도 양양군 양양읍 남문리 11-2","518303235016","강원특별자치도 양양군 양양읍 양양로",44,,"4283025021100110002014101","","강원특별자치도 양양군 양양읍 양양로 44","215804","25022","","1","",128.623816912855,38.0764151946598
"MA010120220805451867","한우구이","","I2","음식","I201","한식","I20108","소고기 구이/찜","I56113","한식 육류 요리 전문점","51","강원특별자치도","51780","철원군","51780310","서면","5178031022","서면","5178031022111730003","1","대지",1173,3,"강원특별자치도 철원군 서면 와수리 1173-3","517803230024","강원특별자치도 철원군 서면 와수로",177,1,"4278031022111730003015536","만화휴게실","강원특별자치도 철원군 서면 와수로 177-1","269841","24059","","2","",127.438620740519,38.2394554638732
"MA010120220805451646","탑플레이스피씨방문막점","","R1","예술·스포츠","R104","유원지·오락","R10406","PC방","R91222","컴퓨터 게임방 운영업","51","강원특별자치도","51130","원주시","51130250","문막읍","5113025022","문막읍","5113025022112670000","1","대지",1267,,"강원특별자치도 원주시 문막읍 동화리 1267","511303219037","강원특별자치도 원주시 문막읍 왕건로",22,,"4213025022112670000000001","","강원특별자치도 원주시 문막읍 왕건로 22","220801","26368","","4","",127.831052621789,37.3219984150376
"MA010120220805451225","한국공예디자인협회에덴카페","","G2","소매","G221","기타 상품 소매","G22199","그 외 기타 상품 전문 소매업","G47859","그 외 기타 분류 안된 상품 전문 소매업","51","강원특별자치도","51130","원주시","51130550","단구동","5113010700","단구동","5113010700115720010","1","대지",1572,10,"강원특별자치도 원주시 단구동 1572-10","511304457065","강원특별자치도 원주시 구곡길",21,8,"4213010700115720010000001","","강원특별자치도 원주시 구곡길 21-8","220944","26486","","1","",127.948206853202,37.3218914144171
"MA010120220805451285","눈꽃가츠","","I2","음식","I210","기타 간이","I21007","김밥/만두/분식","I56194","김밥 및 기타 간이 음식점업","51","강원특별자치도","51790","화천군","51790250","화천읍","5179025022","화천읍","5179025022100520017","1","대지",52,17,"강원특별자치도 화천군 화천읍 하리 52-17","517904493107","강원특별자치도 화천군 화천읍 중앙로4길",21,6,"4279025022000520017009320","그린장여관","강원특별자치도 화천군 화천읍 중앙로4길 21-6","209804","24128","","","",127.705382289922,38.1034698585234
"MA010120220805451127","떡있는마을","","I2","음식","I210","기타 간이","I21002","떡/한과","C10711","떡류 제조업","51","강원특별자치도","51110","춘천시","51110705","신사우동","5111011800","우두동","5111011800107420001","1","대지",742,1,"강원특별자치도 춘천시 우두동 742-1","511103013022","강원특별자치도 춘천시 영서로",2793,,"4211011800107420001000864","두미르마을","강원특별자치도 춘천시 영서로 2793","200772","24236","","1","",127.727463182293,37.9018863623474
"MA010120220805451189","비전공인중개사사무소","","L1","부동산","L102","부동산 서비스","L10203","부동산 중개/대리업","L68221","부동산 중개 및 대리업","51","강원특별자치도","51780","철원군","51780310","서면","5178031022","서면","5178031022111400032","1","대지",1140,32,"강원특별자치도 철원군 서면 와수리 1140-32","517803230024","강원특별자치도 철원군 서면 와수로",157,1,"4278031022111400032015829","중앙파크","강원특별자치도 철원군 서면 와수로 157-1","269841","24059","","","",127.437444752877,38.2378911645402
"MA010120220805451142","포차천국","","I2","음식","I211","주점","I21104","요리 주점","I56219","기타 주점업","51","강원특별자치도","51110","춘천시","51110520","교동","5111012200","교동","5111012200101560004","1","대지",156,4,"강원특별자치도 춘천시 교동 156-4","511103218020","강원특별자치도 춘천시 성심로",9,,"4211012200101560004008249","","강원특별자치도 춘천시 성심로 9","200060","24258","","1","",127.739595428854,37.8827490008463
"MA010120220805453845","뷰티메이드","","S2","수리·개인","S207","이용·미용","S20702","피부 관리실","S96113","피부 미용업","51","강원특별자치도","51130","원주시","51130330","지정면","5113033023","지정면","5113033023114680000","1","대지",1468,,"강원특별자치도 원주시 지정면 가곡리 1468","511303350530","강원특별자치도 원주시 지정면 신지정로",255,,"4213033023114680000000001","이지더원더그레이스아파트","강원특별자치도 원주시 지정면 신지정로 255","220821","26346","","1","",127.868214764112,37.376481772045
"MA010120220805453932","피자헐","","I2","음식","I210","기타 간이","I21003","피자","I56192","피자, 햄버거, 샌드위치 및 유사 음식점업","51","강원특별자치도","51720","홍천군","51720250","홍천읍","5172025023","홍천읍","5172025023103250012","1","대지",325,12,"강원특별자치도 홍천군 홍천읍 희망리 325-12","517203225033","강원특별자치도 홍천군 홍천읍 신장대로",53,,"4272025023103250012008595","","강원특별자치도 홍천군 홍천읍 신장대로 53","250809","25136","","","",127.882152215614,37.6904608935655
"MA010120220805454247","스테이캠프펜션","","I1","숙박","I101","일반 숙박","I10103","펜션","I55109","기타 일반 및 생활 숙박시설 운영업","51","강원특별자치도","51760","평창군","51760340","봉평면","5176034027","봉평면","5176034027102530001","1","대지",253,1,"강원특별자치도 평창군 봉평면 흥정리 253-1","517604484425","강원특별자치도 평창군 봉평면 흥정계곡1길",9,2,"4276034027102530000002411","","강원특별자치도 평창군 봉평면 흥정계곡1길 9-2","232923","25300","","","",128.3491241159,37.6332542770776
"MA010120220805454485","태봉인테리어","","M1","과학·기술","M112","전문 디자인","M11201","인테리어 디자인업","F42499","그 외 기타 건축 마무리 공사업","51","강원특별자치도","51150","강릉시","51150665","경포동","5115013600","난곡동","5115013600103910008","1","대지",391,8,"강원특별자치도 강릉시 난곡동 391-8","511504460739","강원특별자치도 강릉시 운정길11번길",80,9,"4215013600103910008000001","","강원특별자치도 강릉시 운정길11번길 80-9","210360","25463","","","",128.873517520475,37.7875238470491
"MA010120220805454437","타코잉닭","","I2","음식","I204","서양식","I20499","기타 서양식 음식점","I56111","한식 일반 음식점업","51","강원특별자치도","51110","춘천시","51110611","후평3동","5111012000","후평동","5111012000108110003","1","대지",811,3,"강원특별자치도 춘천시 후평동 811-3","511104454813","강원특별자치도 춘천시 후석로258번길",28,,"4211012000108110003032776","","강원특별자치도 춘천시 후석로258번길 28","200962","24312","","1","",127.755686033359,37.8744940285313
"MA010120220805452933","해맞이모텔","","I1","숙박","I101","일반 숙박","I10102","여관/모텔","I55102","여관업","51","강원특별자치도","51150","강릉시","51150340","강동면","5115034024","강동면","5115034024101160004","1","대지",116,4,"강원특별자치도 강릉시 강동면 안인진리 116-4","511503220032","강원특별자치도 강릉시 강동면 율곡로",1847,21,"4215034024001160004039203","","강원특별자치도 강릉시 강동면 율곡로 1847-21","210824","25626","","","",128.988737233473,37.7325884359296
"MA010120220805452751","선비촌","","I2","음식","I211","주점","I21104","요리 주점","I56219","기타 주점업","51","강원특별자치도","51820","고성군","51820253","거진읍","5182025321","거진읍","5182025321103090005","1","대지",309,5,"강원특별자치도 고성군 거진읍 거진리 309-5","518204502033","강원특별자치도 고성군 거진읍 거탄진로129번길",11,,"4282025321103080004018248","한마당노래방","강원특별자치도 고성군 거진읍 거탄진로129번길 11","219901","24716","","1","",128.453845403133,38.4468872493277
"MA010120220805453014","초록민박","","I1","숙박","I101","일반 숙박","I10102","여관/모텔","I55109","기타 일반 및 생활 숙박시설 운영업","51","강원특별자치도","51150","강릉시","51150370","연곡면","5115037029","연곡면","5115037029105920005","1","대지",592,5,"강원특별자치도 강릉시 연곡면 퇴곡리 592-5","511503220059","강원특별자치도 강릉시 연곡면 진고개로",1612,10,"4215037029105920005000001","","강원특별자치도 강릉시 연곡면 진고개로 1612-10","210865","25426","","","",128.715083309721,37.8466537893784
"MA010120220805452835","금학퇴비","","G2","소매","G221","기타 상품 소매","G22199","그 외 기타 상품 전문 소매업","G47859","그 외 기타 분류 안된 상품 전문 소매업","51","강원특별자치도","51780","철원군","51780256","갈말읍","5178025623","갈말읍","5178025623100810020","1","대지",81,20,"강원특별자치도 철원군 갈말읍 강포리 81-20","517803000136","강원특별자치도 철원군 갈말읍 호국로",4394,,"4278025623100810006032163","삼흥타이어","강원특별자치도 철원군 갈말읍 호국로 4394","269801","24046","","","",127.29315990002,38.1172281346429
"MA010120220805452840","여우네손뜨개방","","G2","소매","G209","섬유·의복·신발 소매","G20909","실/섬유제품 소매업","G47429","섬유 원단, 실 및 기타 섬유제품 소매업","51","강원특별자치도","51110","춘천시","51110545","약사명동","5111010900","죽림동","5111010900100110004","1","대지",11,4,"강원특별자치도 춘천시 죽림동 11-4","511104454476","강원특별자치도 춘천시 약사고개길",13,,"4211010900100320000023432","제일백화점","강원특별자치도 춘천시 약사고개길 13","200050","24355","","1","",127.726052613529,37.8774832964733
"MA010120220805453403","동해썬팅","","G2","소매","G203","모터사이클 소매","G20301","모터사이클 및 부품 소매업","G45219","기타 자동차 신품 부품 및 내장품 판매업","51","강원특별자치도","51170","동해시","51170530","북삼동","5117010600","효가동","5117010600102750003","1","대지",275,3,"강원특별자치도 동해시 효가동 275-3","511702000023","강원특별자치도 동해시 동해대로",5064,,"4217010600102750003000001","","강원특별자치도 동해시 동해대로 5064","240160","25785","","","",129.110989432794,37.4981605169363
"MA010120220805453410","꼭지네식당","","I2","음식","I201","한식","I20101","백반/한정식","I56111","한식 일반 음식점업","51","강원특별자치도","51150","강릉시","51150340","강동면","5115034023","강동면","5115034023105580050","1","대지",558,50,"강원특별자치도 강릉시 강동면 안인리 558-50","511504460324","강원특별자치도 강릉시 강동면 대동안길",15,,"4215034023005580050042372","","강원특별자치도 강릉시 강동면 대동안길 15","210824","25620","","","",128.977947550861,37.7256324645495
"MA010120220805453283","블루스카이레포츠","","G2","소매","G213","오락용품 소매","G21304","운동용품 소매업","G47631","운동 및 경기용품 소매업","51","강원특별자치도","51110","춘천시","51110400","남산면","5111040029","남산면","5111040029100290007","1","대지",29,7,"강원특별자치도 춘천시 남산면 백양리 29-7","511104454304","강원특별자치도 춘천시 남산면 북한강변길",688,,"4211040029100290001037053","엘리시안강촌","강원특별자치도 춘천시 남산면 북한강변길 688","200914","24464","","","",127.57879577295,37.8301320342357
"MA010120220805455881","합자회사건축사사무소디자인그룹아키토피아","","M1","과학·기술","M109","기술 서비스","M10901","건축 설계 및 관련 서비스업","M72111","건축 설계 및 관련 서비스업","51","강원특별자치도","51780","철원군","51780256","갈말읍","5178025621","갈말읍","5178025621106480001","1","대지",648,1,"강원특별자치도 철원군 갈말읍 신철원리 648-1","517803230015","강원특별자치도 철원군 갈말읍 삼부연로",46,,"4278025621106480001034988","","강원특별자치도 철원군 갈말읍 삼부연로 46","269805","24050","","","",127.312996042065,38.1460058405734
"MA010120220805456014","아워홈근로복지공단정","","I2","음식","I207","구내식당·뷔페","I20701","구내식당","I56130","기관 구내식당업","51","강원특별자치도","51770","정선군","51770250","정선읍","5177025021","정선읍","5177025021104100003","1","대지",410,3,"강원특별자치도 정선군 정선읍 봉양리 410-3","517704487141","강원특별자치도 정선군 정선읍 봉양1길",145,,"4277025021104300000007089","","강원특별자치도 정선군 정선읍 봉양1길 145","233804","26129","","1","",128.660296198822,37.3832544129921
"MA010120220805455774","양리단길컴퍼니","","M1","과학·기술","M105","광고","M10501","광고 대행업","M71310","광고 대행업","51","강원특별자치도","51830","양양군","51830340","현남면","5183034021","현남면","5183034021106380001","1","대지",638,1,"강원특별자치도 양양군 현남면 인구리 638-1","518304505161","강원특별자치도 양양군 현남면 인구길",28,21,"4283034021106380001001673","어메이징모텔","강원특별자치도 양양군 현남면 인구길 28-21","215842","25053","","4","",128.761934786659,37.9683382247879
"MA010120220805455580","참참참그래픽","","M1","과학·기술","M112","전문 디자인","M11203","시각 디자인업","M73203","시각 디자인업","51","강원특별자치도","51110","춘천시","51110675","강남동","5111012100","온의동","5111012100105150003","1","대지",515,3,"강원특별자치도 춘천시 온의동 515-3","511103218036","강원특별자치도 춘천시 춘주로",89,,"4211012100105150003000001","","강원특별자치도 춘천시 춘주로 89","200938","24436","","4","",127.719846906111,37.8622322898941
"MA010120220805454895","황조매점","","G2","소매","G204","종합 소매","G20404","슈퍼마켓","G47129","기타 음ㆍ식료품 위주 종합 소매업","51","강원특별자치도","51230","삼척시","51230250","도계읍","5123025032","도계읍","5123025032101550000","1","대지",155,,"강원특별자치도 삼척시 도계읍 황조리 155","512304472355","강원특별자치도 삼척시 도계읍 황조길",46,,"4223025032101560000000001","경동아파트","강원특별자치도 삼척시 도계읍 황조길 46","245907","25949","","1","",129.085013731228,37.2096816942337
"MA010120220805454699","핏앤피트니스기업도시점","","R1","예술·스포츠","R103","스포츠 서비스","R10307","헬스장","R91132","체력 단련시설 운영업","51","강원특별자치도","51130","원주시","51130330","지정면","5113033023","지정면","5113033023113490002","1","대지",1349,2,"강원특별자치도 원주시 지정면 가곡리 1349-2","511303350530","강원특별자치도 원주시 지정면 신지정로",172,,"4213033023113490002000001","","강원특별자치도 원주시 지정면 신지정로 172","220821","26353","","6","",127.877657697997,37.3744464027399
"MA010120220805455148","지에스25인제갯골점","","G2","소매","G204","종합 소매","G20405","편의점","G47122","체인화 편의점","51","강원특별자치도","51810","인제군","51810250","인제읍","5181025022","인제읍","5181025022103790001","1","대지",379,1,"강원특별자치도 인제군 인제읍 남북리 379-1","518103233020","강원특별자치도 인제군 인제읍 인제로",103,,"4281025022103790001000001","","강원특별자치도 인제군 인제읍 인제로 103","252805","24624","","","",128.163954314807,38.0637114892181
"MA010120220805454585","아이블링","","S2","수리·개인","S207","이용·미용","S20702","피부 관리실","S96113","피부 미용업","51","강원특별자치도","51130","원주시","51130675","반곡관설동","5113011600","관설동","5113011600117300007","1","대지",1730,7,"강원특별자치도 원주시 관설동 1730-7","511304457053","강원특별자치도 원주시 관설안길",19,12,"4213011600117300007000001","","강원특별자치도 원주시 관설안길 19-12","220934","26472","","1","",127.961907088003,37.3172108118756
"MA010120220805455346","돌집쌈밥","","I2","음식","I201","한식","I20101","백반/한정식","I56113","한식 육류 요리 전문점","51","강원특별자치도","51790","화천군","51790310","간동면","5179031023","간동면","5179031023106820001","1","대지",682,1,"강원특별자치도 화천군 간동면 간척리 682-1","517903218052","강원특별자치도 화천군 간동면 춘양로",924,,"4279031023106820001000001","","강원특별자치도 화천군 간동면 춘양로 924","209821","24139","","","",127.820638062155,38.0285138072997
"MA010120220805458017","세븐일레븐연곡삼우","","G2","소매","G204","종합 소매","G20405","편의점","G47122","체인화 편의점","51","강원특별자치도","51150","강릉시","51150370","연곡면","5115037022","연곡면","5115037022103050002","1","대지",305,2,"강원특별자치도 강릉시 연곡면 영진리 305-2","511503220022","강원특별자치도 강릉시 연곡면 연주로",132,,"4215037022003050002053360","삼우그린아파트","강원특별자치도 강릉시 연곡면 연주로 132","210861","25428","","1","",128.83866225735,37.8677781504482
"MA010120220805457795","선복티테라피","","G2","소매","G206","음료 소매","G20603","생수/음료 소매업","G47221","음료 소매업","51","강원특별자치도","51150","강릉시","51150510","홍제동","5115010100","홍제동","5115010100102190037","1","대지",219,37,"강원특별자치도 강릉시 홍제동 219-37","511504461050","강원특별자치도 강릉시 홍제로71번길",6,,"4215010100102190037000001","","강원특별자치도 강릉시 홍제로71번길 6","210948","25526","","","",128.883710819779,37.7539749379031
"MA010120220805457605","바다소식","","I2","음식","I201","한식","I20111","횟집","I56114","한식 해산물 요리 전문점","51","강원특별자치도","51130","원주시","51130310","소초면","5113031021","소초면","5113031021106380000","1","대지",638,,"강원특별자치도 원주시 소초면 평장리 638","511303219054","강원특별자치도 원주시 소초면 치악로",2750,,"4213031021106380000031336","","강원특별자치도 원주시 소초면 치악로 2750","220835","26305","","","",127.999228791214,37.4144917037942
"MA010120220805457863","구쓰헤어","","S2","수리·개인","S207","이용·미용","S20701","미용실","S96112","두발 미용업","51","강원특별자치도","51830","양양군","51830250","양양읍","5183025021","양양읍","5183025021100860004","1","대지",86,4,"강원특별자치도 양양군 양양읍 남문리 86-4","518303235016","강원특별자치도 양양군 양양읍 양양로",74,1,"4283025021100860004012066","","강원특별자치도 양양군 양양읍 양양로 74-1","215804","25023","","","",128.621046447825,38.0749792768876
"MA010120220805458274","정희네","","I2","음식","I210","기타 간이","I21099","그 외 기타 간이 음식점","I56199","간이 음식 포장 판매 전문점","51","강원특별자치도","51770","정선군","51770350","임계면","5177035023","임계면","5177035023105230008","1","대지",523,8,"강원특별자치도 정선군 임계면 직원리 523-8","517703219074","강원특별자치도 정선군 임계면 서동로",5928,,"4277035023105230008024872","","강원특별자치도 정선군 임계면 서동로 5928","233871","26112","","","",128.944430910782,37.5334892049394
"MA010120220805457496","명성반점솔올점","","I2","음식","I202","중식","I20201","중국집","I56121","중식 음식점업","51","강원특별자치도","51150","강릉시","51150550","교1동","5115011000","교동","5115011000119070003","1","대지",1907,3,"강원특별자치도 강릉시 교동 1907-3","511503220048","강원특별자치도 강릉시 하슬라로",129,,"4215011000119070003027637","","강원특별자치도 강릉시 하슬라로 129","210924","25516","","","",128.873259060455,37.7616935145786
"MA010120220805456566","더플래닝","","M1","과학·기술","M107","본사·경영 컨설팅","M10703","경영 컨설팅업","M71531","경영 컨설팅업","51","강원특별자치도","51720","홍천군","51720380","북방면","5172038032","북방면","5172038032105920001","1","대지",592,1,"강원특별자치도 홍천군 북방면 노일리 592-1","517204475127","강원특별자치도 홍천군 북방면 노일로38번길",86,,"4272038032105920001000001","","강원특별자치도 홍천군 북방면 노일로38번길 86","250882","25111","","","",127.74179760345,37.6747929829311
"MA010120220805457092","디자인소선길","","M1","과학·기술","M112","전문 디자인","M11203","시각 디자인업","M73203","시각 디자인업","51","강원특별자치도","51110","춘천시","51110580","소양동","5111011600","소양로4가","5111011600101030011","1","대지",103,11,"강원특별자치도 춘천시 소양로4가 103-11","511104454006","강원특별자치도 춘천시 가연길",17,,"4211011600101030011014481","","강원특별자치도 춘천시 가연길 17","200114","24275","","","",127.721458344094,37.8779680825837
"MA010120220805456583","알트케이셀렉션미디어","","M1","과학·기술","M105","광고","M10501","광고 대행업","M71310","광고 대행업","51","강원특별자치도","51130","원주시","51130675","반곡관설동","5113011700","반곡동","5113011700118800009","1","대지",1880,9,"강원특별자치도 원주시 반곡동 1880-9","511303219085","강원특별자치도 원주시 양지로",20,,"4213011700118800009000001","","강원특별자치도 원주시 양지로 20","220170","26465","","","",127.981006632479,37.3244603938501
"MA010120220805456588","춘천제일식자재","","G2","소매","G204","종합 소매","G20404","슈퍼마켓","G47121","슈퍼마켓","51","강원특별자치도","51110","춘천시","51110675","강남동","5111012500","삼천동","5111012500100670004","1","대지",67,4,"강원특별자치도 춘천시 삼천동 67-4","511103218030","강원특별자치도 춘천시 옛경춘로",742,,"4211012500200230001012499","","강원특별자치도 춘천시 옛경춘로 742","200200","24431","","","",127.707861422836,37.86392413224
"MA010120220805457308","미래공인중개사사무소","","L1","부동산","L102","부동산 서비스","L10203","부동산 중개/대리업","L68221","부동산 중개 및 대리업","51","강원특별자치도","51780","철원군","51780310","서면","5178031022","서면","5178031022113440003","1","대지",1344,3,"강원특별자치도 철원군 서면 와수리 1344-3","517803230024","강원특별자치도 철원군 서면 와수로",85,1,"4278031022113440003016210","미래공인중개사","강원특별자치도 철원군 서면 와수로 85-1","269841","24061","","","",127.433593327715,38.2322326008249
"MA010120220805457485","자담치킨단관","","I2","음식","I210","기타 간이","I21006","치킨","I56193","치킨 전문점","51","강원특별자치도","51130","원주시","51130675","반곡관설동","5113011600","관설동","5113011600117130001","1","대지",1713,1,"강원특별자치도 원주시 관설동 1713-1","511304457133","강원특별자치도 원주시 단관초교길",9,,"4213011600117130001001941","원주단관청솔6차아파트","강원특별자치도 원주시 단관초교길 9","220771","26473","","","",127.965517361535,37.3175273098035
"MA010120220805456981","정원농원","","G2","소매","G205","식료품 소매","G20506","채소/과일 소매업","G47215","채소, 과실 및 뿌리작물 소매업","51","강원특별자치도","51130","원주시","51130310","소초면","5113031021","소초면","5113031021108540000","1","대지",854,,"강원특별자치도 원주시 소초면 평장리 854","511303219054","강원특별자치도 원주시 소초면 치악로",2838,,"4213031021108540000031542","","강원특별자치도 원주시 소초면 치악로 2838","220835","26305","","1","",128.003996544157,37.4213309987233
"MA010120220805456852","아리아나프라워","","G2","소매","G219","식물 소매","G21901","꽃집","G47851","화초 및 식물 소매업","51","강원특별자치도","51150","강릉시","51150250","주문진읍","5115025022","주문진읍","5115025022101930020","1","대지",193,20,"강원특별자치도 강릉시 주문진읍 교항리 193-20","511503220036","강원특별자치도 강릉시 주문진읍 장성로",45,,"4215025022101930020000001","","강원특별자치도 강릉시 주문진읍 장성로 45","210801","25414","","","",128.825320266866,37.8882712353368
"MA010120220805456984","블룸청과","","G2","소매","G205","식료품 소매","G20506","채소/과일 소매업","G47215","채소, 과실 및 뿌리작물 소매업","51","강원특별자치도","51110","춘천시","51110675","강남동","5111012100","온의동","5111012100105350007","1","대지",535,7,"강원특별자치도 춘천시 온의동 535-7","511104454712","강원특별자치도 춘천시 충혼길52번길",19,18,"4211012100105350007018820","","강원특별자치도 춘천시 충혼길52번길 19-18","200938","24438","","","",127.717843443748,37.8600920640446
"MA010120220805459630","북촌손만두","","I2","음식","I210","기타 간이","I21007","김밥/만두/분식","I56194","김밥 및 기타 간이 음식점업","51","강원특별자치도","51150","강릉시","51150520","중앙동","5115010400","성내동","5115010400100080005","1","대지",8,5,"강원특별자치도 강릉시 성내동 8-5","511503220034","강원특별자치도 강릉시 임영로",122,,"4215010400100080005000424","","강원특별자치도 강릉시 임영로 122","210040","25539","","","",128.893601081482,37.7525848729605
"MA010120220805459981","퇴계닭갈비","","I2","음식","I201","한식","I20110","닭/오리고기 구이/찜","I56113","한식 육류 요리 전문점","51","강원특별자치도","51110","춘천시","51110660","퇴계동","5111012300","퇴계동","5111012300111700006","1","대지",1170,6,"강원특별자치도 춘천시 퇴계동 1170-6","511104454123","강원특별자치도 춘천시 남춘로5번길",16,,"4211012300100000000000042","","강원특별자치도 춘천시 남춘로5번길 16","200943","24369","","2","",127.728266117991,37.8628647200483
"MA010120220805459651","빌텍당구장","","R1","예술·스포츠","R103","스포츠 서비스","R10310","당구장","R91135","당구장 운영업","51","강원특별자치도","51130","원주시","51130515","중앙동","5113010100","중앙동","5113010100101260002","1","대지",126,2,"강원특별자치도 원주시 중앙동 126-2","511304457021","강원특별자치도 원주시 감영길",37,,"4213010100101260002000001","","강원특별자치도 원주시 감영길 37","220904","26428","","3","",127.951416880742,37.3482683847374
"MA010120220805460513","쿠프만153","","I2","음식","I201","한식","I20101","백반/한정식","I56111","한식 일반 음식점업","51","강원특별자치도","51110","춘천시","51110640","효자3동","5111011200","효자동","5111011200106320001","1","대지",632,1,"강원특별자치도 춘천시 효자동 632-1","511103218018","강원특별자치도 춘천시 서부대성로",241,,"4211011200106320001028228","","강원특별자치도 춘천시 서부대성로 241","200947","24287","","2","",127.744813629466,37.8728130728481
"MA010120220805460493","오월애만두전골","","I2","음식","I201","한식","I20101","백반/한정식","I56111","한식 일반 음식점업","51","강원특별자치도","51110","춘천시","51110611","후평3동","5111012000","후평동","5111012000108170001","1","대지",817,1,"강원특별자치도 춘천시 후평동 817-1","511104454813","강원특별자치도 춘천시 후석로258번길",18,,"4211012000108170001032718","","강원특별자치도 춘천시 후석로258번길 18","200962","24312","","1","",127.754424336838,37.8744823934666
"MA010120220805459461","세진한우실비","","I2","음식","I201","한식","I20108","소고기 구이/찜","I56113","한식 육류 요리 전문점","51","강원특별자치도","51230","삼척시","51230250","도계읍","5123025030","도계읍","5123025030103900006","1","대지",390,6,"강원특별자치도 삼척시 도계읍 도계리 390-6","512303224007","강원특별자치도 삼척시 도계읍 도계로",290,9,"4223025030103900006000001","세진한우실비","강원특별자치도 삼척시 도계읍 도계로 290-9","245905","25947","","","",129.044908644572,37.2351376489687
"MA010120220805459420","윈네트웍스","","G2","소매","G208","가전·통신 소매","G20802","핸드폰 소매업","G47312","통신기기 소매업","51","강원특별자치도","51170","동해시","51170540","부곡동","5117011000","부곡동","5117011000100870000","1","대지",87,,"강원특별자치도 동해시 부곡동 87","511703221018","강원특별자치도 동해시 발한로",42,,"4217011000000870000001294","KT동해지점","강원특별자치도 동해시 발한로 42","240814","25734","","","",129.104089490715,37.5364564428893
"MA010120220805458684","해바라기","","I2","음식","I201","한식","I20101","백반/한정식","I56111","한식 일반 음식점업","51","강원특별자치도","51720","홍천군","51720250","홍천읍","5172025024","홍천읍","5172025024101930000","1","대지",193,,"강원특별자치도 홍천군 홍천읍 갈마곡리 193","517203225003","강원특별자치도 홍천군 홍천읍 공작산로",47,,"4272025024101930000000001","","강원특별자치도 홍천군 홍천읍 공작산로 47","250801","25130","","","",127.898070050489,37.6918633563709
"MA010120220805458748","스크린다함께야구왕","","R1","예술·스포츠","R103","스포츠 서비스","R10311","골프 연습장","R91139","그 외 기타 스포츠시설 운영업","51","강원특별자치도","51790","화천군","51790340","사내면","5179034021","사내면","5179034021104570075","1","대지",457,75,"강원특별자치도 화천군 사내면 사창리 457-75","517904493052","강원특별자치도 화천군 사내면 사내로5길",9,,"4279034021104570075000001","","강원특별자치도 화천군 사내면 사내로5길 9","209834","24155","","","",127.521082662814,38.0708510557317
"MA010120220805462326","굿초이스","","I2","음식","I211","주점","I21104","요리 주점","I56219","기타 주점업","51","강원특별자치도","51190","태백시","51190535","삼수동","5119010100","황지동","5119010100102530009","1","대지",253,9,"강원특별자치도 태백시 황지동 253-9","511904466045","강원특별자치도 태백시 먹거리길",102,,"4219010100102530009005351","","강원특별자치도 태백시 먹거리길 102","235801","26008","","","",128.989520644827,37.1741225123876
"MA010120220805461572","강가애금빛펜션","","I1","숙박","I101","일반 숙박","I10103","펜션","I55104","민박업","51","강원특별자치도","51750","영월군","51750355","한반도면","5175035523","한반도면","5175035523107050002","1","대지",705,2,"강원특별자치도 영월군 한반도면 신천리 705-2","517504481244","강원특별자치도 영월군 한반도면 화랏길",282,25,"4275035523107050002000001","","강원특별자치도 영월군 한반도면 화랏길 282-25","230842","26212","","","",128.307549761461,37.2289761139445
"MA010120220805461816","고향닭갈비","","I2","음식","I201","한식","I20110","닭/오리고기 구이/찜","I56113","한식 육류 요리 전문점","51","강원특별자치도","51720","홍천군","51720250","홍천읍","5172025023","홍천읍","5172025023103260009","1","대지",326,9,"강원특별자치도 홍천군 홍천읍 희망리 326-9","517203225033","강원특별자치도 홍천군 홍천읍 신장대로",58,,"4272025023103260009009934","","강원특별자치도 홍천군 홍천읍 신장대로 58","250809","25136","","","",127.882662789833,37.6902541590718
"MA010120220805462336","정선애장어먹으러와요","","I2","음식","I201","한식","I20112","해산물 구이/찜","I56114","한식 해산물 요리 전문점","51","강원특별자치도","51770","정선군","51770340","북평면","5177034022","북평면","5177034022100430001","1","대지",43,1,"강원특별자치도 정선군 북평면 북평리 43-1","517704487316","강원특별자치도 정선군 북평면 장열길",13,,"4277034022100430001000001","","강원특별자치도 정선군 북평면 장열길 13","233851","26101","","","",128.675306994137,37.4566080458379
"MA010120220805462108","예가","","I2","음식","I211","주점","I21104","요리 주점","I56219","기타 주점업","51","강원특별자치도","51110","춘천시","51110675","강남동","5111012100","온의동","5111012100105150001","1","대지",515,1,"강원특별자치도 춘천시 온의동 515-1","511104454496","강원특별자치도 춘천시 영서로2279번길",30,,"4211012100105150001018689","","강원특별자치도 춘천시 영서로2279번길 30","200938","24436","","1","",127.719822777693,37.8626016549324
"MA010120220805461548","장작블루스","","I2","음식","I201","한식","I20101","백반/한정식","I56111","한식 일반 음식점업","51","강원특별자치도","51130","원주시","51130590","단계동","5113011000","단계동","5113011000110990003","1","대지",1099,3,"강원특별자치도 원주시 단계동 1099-3","511304457242","강원특별자치도 원주시 백간공원길",15,,"4213011000110990003000001","","강원특별자치도 원주시 백간공원길 15","220100","26422","","1","",127.92632442466,37.3493007092459
"MA010120220805462318","그리운언덕","","I1","숙박","I101","일반 숙박","I10103","펜션","I55109","기타 일반 및 생활 숙박시설 운영업","51","강원특별자치도","51720","홍천군","51720380","북방면","5172038030","북방면","5172038030103980000","1","대지",398,,"강원특별자치도 홍천군 북방면 원소리 398","517204475282","강원특별자치도 홍천군 북방면 벌업길85번길",40,2,"4272038030104000000012952","","강원특별자치도 홍천군 북방면 벌업길85번길 40-2","250882","25111","","","",127.749141329136,37.7125000377872
"MA010120220805461337","넘버85가든","","I2","음식","I201","한식","I20101","백반/한정식","I56111","한식 일반 음식점업","51","강원특별자치도","51760","평창군","51760250","평창읍","5176025022","평창읍","5176025022101510006","1","대지",151,6,"강원특별자치도 평창군 평창읍 중리 151-6","517603228005","강원특별자치도 평창군 평창읍 노성로",225,19,"4276025022101510006000001","","강원특별자치도 평창군 평창읍 노성로 225-19","232806","25375","","1","",128.403437205547,37.3698477683032
"MA010120220805461348","피그놀리아커피","","I2","음식","I212","비알코올 ","I21201","카페","I56221","커피 전문점","51","강원특별자치도","51150","강릉시","51150580","초당동","5115011200","초당동","5115011200103360000","1","대지",336,,"강원특별자치도 강릉시 초당동 336","511503220009","강원특별자치도 강릉시 난설헌로",195,,"4215011200103360000017083","","강원특별자치도 강릉시 난설헌로 195","210120","25466","","1","",128.911400786498,37.7909941342751
"MA010120220805461177","장성여고매점","","G2","소매","G204","종합 소매","G20404","슈퍼마켓","G47129","기타 음ㆍ식료품 위주 종합 소매업","51","강원특별자치도","51190","태백시","51190585","문곡소도동","5119010500","문곡동","5119010500100330007","1","대지",33,7,"강원특별자치도 태백시 문곡동 33-7","511904466161","강원특별자치도 태백시 일광마을길",8,12,"4219010500100330007008930","장성여자고등학교","강원특별자치도 태백시 일광마을길 8-12","235120","26044","","","",129.005699593386,37.1263088571904
"MA010120220805460741","야구장","","I2","음식","I211","주점","I21101","일반 유흥 주점","I56211","일반 유흥 주점업","51","강원특별자치도","51130","원주시","51130590","단계동","5113011000","단계동","5113011000108530005","1","대지",853,5,"강원특별자치도 원주시 단계동 853-5","511303219073","강원특별자치도 원주시 북원로",2235,6,"4213011000108530005021565","남원주타워","강원특별자치도 원주시 북원로 2235-6","220938","26436","","1","",127.931598837084,37.34575349474
"MA010120220805460565","그린차와호프","","I2","음식","I211","주점","I21103","생맥주 전문","I56111","한식 일반 음식점업","51","강원특별자치도","51780","철원군","51780310","서면","5178031022","서면","5178031022111400009","1","대지",1140,9,"강원특별자치도 철원군 서면 와수리 1140-9","517803230024","강원특별자치도 철원군 서면 와수로",167,2,"4278031022111400009000001","","강원특별자치도 철원군 서면 와수로 167-2","269841","24059","","2","",127.438020936117,38.2387228122229
"MA010120220805461496","샬롬신발","","G2","소매","G209","섬유·의복·신발 소매","G20910","신발 소매업","G47430","신발 소매업","51","강원특별자치도","51170","동해시","51170570","발한동","5117011100","발한동","5117011100100130011","1","대지",13,11,"강원특별자치도 동해시 발한동 13-11","511704463162","강원특별자치도 동해시 시장안길",26,2,"4217011100000130010015695","샬롬신발","강원특별자치도 동해시 시장안길 26-2","240804","25720","","","",129.108506686394,37.55050729886
"MA010120220805464402","산골보리굴비","","I2","음식","I201","한식","I20101","백반/한정식","I56111","한식 일반 음식점업","51","강원특별자치도","51810","인제군","51810320","북면","5181032024","북면","5181032024106030000","1","대지",603,,"강원특별자치도 인제군 북면 용대리 603","518103233010","강원특별자치도 인제군 북면 백담로",57,,"4281032024006030000014310","","강원특별자치도 인제군 북면 백담로 57","252821","24606","","","",128.348812460663,38.1956634113794
"MA010120220805463714","엉클스톤","","G2","소매","G209","섬유·의복·신발 소매","G20907","액세서리/잡화 소매업","G47422","의복 액세서리 및 모조 장신구 소매업","51","강원특별자치도","51830","양양군","51830340","현남면","5183034021","현남면","5183034021106360008","1","대지",636,8,"강원특별자치도 양양군 현남면 인구리 636-8","518304505161","강원특별자치도 양양군 현남면 인구길",48,1,"4283034021106360008000001","","강원특별자치도 양양군 현남면 인구길 48-1","215842","25053","","1","",128.761492810064,37.9685212859982
"MA010120220805463920","새마을공방","","I2","음식","I210","기타 간이","I21006","치킨","I56193","치킨 전문점","51","강원특별자치도","51830","양양군","51830250","양양읍","5183025021","양양읍","5183025021100220001","1","대지",22,1,"강원특별자치도 양양군 양양읍 남문리 22-1","518304505038","강원특별자치도 양양군 양양읍 남문5길",5,3,"4283025021100220001014185","","강원특별자치도 양양군 양양읍 남문5길 5-3","215804","25030","","","",128.622597548953,38.0750972089581
"MA010120220805464372","함백산실비식당","","I2","음식","I201","한식","I20107","돼지고기 구이/찜","I56113","한식 육류 요리 전문점","51","강원특별자치도","51770","정선군","51770253","고한읍","5177025321","고한읍","5177025321100850021","1","대지",85,21,"강원특별자치도 정선군 고한읍 고한리 85-21","517703229004","강원특별자치도 정선군 고한읍 고한로",95,2,"4277025321100850021010687","","강원특별자치도 정선군 고한읍 고한로 95-2","233811","26155","","","",128.848901915273,37.2049139223366
"MA010120220805464110","고식당","","I2","음식","I201","한식","I20101","백반/한정식","I56111","한식 일반 음식점업","51","강원특별자치도","51820","고성군","51820330","토성면","5182033024","토성면","5182033024100030004","1","대지",3,4,"강원특별자치도 고성군 토성면 교암리 3-4","518204502384","강원특별자치도 고성군 토성면 교암길",80,,"4282033024100030004011861","사랑만들기","강원특별자치도 고성군 토성면 교암길 80","219831","24755","","2","",128.545432626092,38.2922999451774
"MA010120220805464200","바다회포차","","I2","음식","I211","주점","I21101","일반 유흥 주점","I56111","한식 일반 음식점업","51","강원특별자치도","51150","강릉시","51150250","주문진읍","5115025021","주문진읍","5115025021102890011","1","대지",289,11,"강원특별자치도 강릉시 주문진읍 주문리 289-11","511503220040","강원특별자치도 강릉시 주문진읍 주문북로",15,,"4215025021102890011030873","","강원특별자치도 강릉시 주문진읍 주문북로 15","210806","25410","","","",128.831003213179,37.8962321795108
"MA010120220805463336","신화텔레콤","","G2","소매","G208","가전·통신 소매","G20802","핸드폰 소매업","G47312","통신기기 소매업","51","강원특별자치도","51130","원주시","51130675","반곡관설동","5113011600","관설동","5113011600117090001","1","대지",1709,1,"강원특별자치도 원주시 관설동 1709-1","511303219035","강원특별자치도 원주시 시청로",559,,"4213011600117090001000001","","강원특별자치도 원주시 시청로 559","220934","26471","","2","",127.968157524764,37.3174469491363
"MA010120220805463028","강릉한우원","","I2","음식","I201","한식","I20108","소고기 구이/찜","I56111","한식 일반 음식점업","51","강원특별자치도","51150","강릉시","51150540","옥천동","5115010900","옥천동","5115010900102780010","1","대지",278,10,"강원특별자치도 강릉시 옥천동 278-10","511504460706","강원특별자치도 강릉시 옥천로65번길",3,,"4215010900102780010011520","","강원특별자치도 강릉시 옥천로65번길 3","210933","25551","","","",128.898518775173,37.7594853499182
"MA010120220805462599","다짐","","R1","예술·스포츠","R103","스포츠 서비스","R10307","헬스장","R91132","체력 단련시설 운영업","51","강원특별자치도","51150","강릉시","51150550","교1동","5115011000","교동","5115011000118890001","1","대지",1889,1,"강원특별자치도 강릉시 교동 1889-1","511504460572","강원특별자치도 강릉시 솔올로5번길",7,,"4215011000118890001020066","","강원특별자치도 강릉시 솔올로5번길 7","210924","25515","","5","",128.876594986199,37.7625877909117
"MA010120220805462799","바지야","","G2","소매","G209","섬유·의복·신발 소매","G20905","기타 의류 소매업","G47419","기타 의복 소매업","51","강원특별자치도","51210","속초시","51210570","노학동","5121010600","교동","5121010600107370007","1","대지",737,7,"강원특별자치도 속초시 교동 737-7","512102000023","강원특별자치도 속초시 동해대로",4236,,"4221010600107370007002531","아남프라자","강원특별자치도 속초시 동해대로 4236","217804","24853","","1","",128.577504822011,38.1977705677684
"MA010120220805463471","해변민박","","I1","숙박","I101","일반 숙박","I10103","펜션","I55104","민박업","51","강원특별자치도","51820","고성군","51820330","토성면","5182033035","토성면","5182033035100020000","1","대지",2,,"강원특별자치도 고성군 토성면 봉포리 2","518203234035","강원특별자치도 고성군 토성면 토성로",48,,"4282033035100020000015121","해변민박","강원특별자치도 고성군 토성면 토성로 48","219832","24765","","","",128.566620212708,38.2517014050022
"MA010120220805462765","치킨인류내곡","","I2","음식","I210","기타 간이","I21006","치킨","I56193","치킨 전문점","51","강원특별자치도","51150","강릉시","51150600","내곡동","5115011600","내곡동","5115011600106180005","1","대지",618,5,"강원특별자치도 강릉시 내곡동 618-5","511504460187","강원특별자치도 강릉시 관대길",33,,"4215011600106180005006642","","강원특별자치도 강릉시 관대길 33","210927","25602","","","",128.877090998194,37.7392295711229
"MA010120220805465983","춘천지역먹거리통합지원센터","","G2","소매","G204","종합 소매","G20404","슈퍼마켓","G47129","기타 음ㆍ식료품 위주 종합 소매업","51","강원특별자치도","51110","춘천시","51110705","신사우동","5111011900","사농동","5111011900101330001","1","대지",133,1,"강원특별자치도 춘천시 사농동 133-1","511104454187","강원특별자치도 춘천시 마장길",39,,"4211011900101330001007248","춘천시농수산물도매시장","강원특별자치도 춘천시 마장길 39","200140","24223","","","",127.726933456625,37.9098411748986
"MA010120220805466279","춘천녹색시민협동조합","","N1","시설관리·임대","N101","시설관리","N10101","사업시설 유지·관리 서비스업","N74100","사업시설 유지ㆍ관리 서비스업","51","강원특별자치도","51110","춘천시","51110390","동내면","5111039021","동내면","5111039021109600005","1","대지",960,5,"강원특별자치도 춘천시 동내면 거두리 960-5","511104454026","강원특별자치도 춘천시 동내면 거두택지길26번길",16,10,"4211039021109600005000001","","강원특별자치도 춘천시 동내면 거두택지길26번길 16-10","200883","24405","","1","",127.754382683433,37.8527854851831
"MA010120220805465616","일등공인중개사사무소","","L1","부동산","L102","부동산 서비스","L10203","부동산 중개/대리업","L68221","부동산 중개 및 대리업","51","강원특별자치도","51210","속초시","51210580","조양동","5121010800","조양동","5121010800115690000","1","대지",1569,,"강원특별자치도 속초시 조양동 1569","512104469181","강원특별자치도 속초시 온정로1길",30,,"4221010800109000000000001","속초조양양우내안애아파트","강원특별자치도 속초시 온정로1길 30","217080","24897","","1","",128.589289176005,38.1866931420073